Created Date,Ticket ID,Employee ID,Name,Email Address,Phone Number,Location,Issue Type,Impact Area,Short Description,Additional Description,Status,Priority,VIP Level,Critical Flag,Assigned To,Assigned Date,Escalation Level,Escalated To,Escalation Date,Last Updated,Resolved By,Resolved Date,
01/03/2026 12:37:39 AM,SSPTKT-001,AGN-US-2K25-281,Chris Gagliano,chris.gagliano@alignedcardio.com,(804) 213-6590,Ashlake,,,My PC Does not turn on,,Resolved,Medium,High,FALSE,,,L1,,,01/05/2026 09:34:05 PM,Chris Gagliano,01/05/2026 09:34:05 PM,
01/05/2026 08:24:58 PM,SSPTKT-002,,Angela Morrell,Angela.Morrell@alignedcardio.com,(000) 000-0000,Colonial Heights,,,Testing The StaffDirectory by Srihari.,,Resolved,Pending,Low,FALSE,,,L1,,,01/05/2026 10:11:41 PM,Rick Barlow,01/05/2026 10:11:41 PM,
01/05/2026 08:54:25 PM,SSPTKT-003,,Laura Gould,laura.gould@alignedcardio.com,(804) 331-0423,Discovery,Laptop / desktop issue,User Productivity,"New Monitors, Laptop, Keyboard, Mouse and Docking station with cords sent Laura.  
I'm having issues hooking up my monitors to my laptop.  The monitors kept saying no response.

Thanks, 

Laura Gould
RCM Specialist
804-331-0423",,Resolved,Low,Low,FALSE,Rick Barlow,01/06/2026 03:32:09 AM,L1,,,01/28/2026 02:15:27 AM,Rick Barlow,01/28/2026 02:15:27 AM,
01/05/2026 09:04:01 PM,SSPTKT-004,,Tiara Hill,tiara.hill@alignedcardio.com,(804) 878-8263,Discovery,Application not working,Security / Access,"Cannot not access ticketing system to submit support ticket.Received following error from Google.   ""Receiving 400 Error.  The server cannot process the request because it is malformed.  it should be retried.  """,,Resolved,Medium,Low,FALSE,Sri hari,01/05/2026 09:05:14 PM,L1,,,01/06/2026 12:35:25 AM,Chris Gagliano,01/06/2026 12:35:25 AM,
01/05/2026 09:19:35 PM,SSPTKT-005,AGN-US-2K25-294,Rick Barlow,rick.barlow@alignedcardio.com,(804) 418-2069,Discovery,Login / Sign-in issue,Service Request,"Rick, 

Zoey Jones (now Wynn) got married recently and has requested an email name change.  

Is that something you can assist with and have her old email forwarded to her new one?",,Resolved,Low,High,FALSE,Rick Barlow,01/05/2026 09:20:05 PM,L1,,,01/26/2026 11:18:28 PM,Rick Barlow,01/26/2026 11:18:28 PM,
01/05/2026 11:11:07 PM,SSPTKT-006,,Shannon Taylor,Shannon.taylor@alignedcardio.com,(804) 712-9909,Colonial Heights,Login / Sign-in issue,User Productivity,"Zoey Jones (Wynn Now)  had her email changed this morning, now she is unable to sign into her computer and she can't submit a ticket of course.  Can we please take care of this ASAP as she is unable to work at all.  Thanks",,Resolved,High,Low,FALSE,Rick Barlow,01/05/2026 11:12:03 PM,L1,,,01/26/2026 11:19:13 PM,Rick Barlow,01/26/2026 11:19:13 PM,
01/06/2026 11:23:05 PM,SSPTKT-007,,Tiffani Boyce,Tiffani.Boyce@alignedcardio.com,(571) 422-0434,Woodbridge,Laptop / desktop issue,User Productivity,"PICOM Laptop at Nova - laptop name that is full of storage : WBNUC01

Tiffani Boyce, RN
Clinical Manager

Resolution - Remoted into Termdginal WBNUC01 at Nova Cariovascular in Woodbridge,  Pcache folder in the ScImage folder located in ProgramData. Cleared that folder.",,Resolved,High,Low,FALSE,Rick Barlow,01/06/2026 11:25:40 PM,L1,,,01/06/2026 11:25:40 PM,Rick Barlow,01/06/2026 11:24:19 PM,
01/07/2026 06:01:17 PM,SSPTKT-008,AGN-US-2K25-294,Rick Barlow,rick.barlow@alignedcardio.com,(804) 418-2069,Ashlake,Laptop / desktop issue,User Productivity,Testing 123,This is Rick testing how Additional information shows up on the backend.  Why 2 Areas,Resolved,Low,High,FALSE,Rick Barlow,01/07/2026 10:17:35 PM,L1,,,01/07/2026 10:17:35 PM,Rick Barlow,01/07/2026 08:33:49 PM,
01/07/2026 08:30:30 PM,SSPTKT-009,,Lauren Reaves,lauren.reaves@alignedcardio.com,(804) 331-0423,Discovery,Not listed above,User Productivity,"Phone  804.331.0423 x 1902
 tried teams again this morning because I am still training Laura Gould which requires us to be in teams all day together however it is still echo'ing on her end. I had an additional meeting yesterday where they told me the same - that there is an echo on their end. This o",,Resolved,High,Low,FALSE,Chris Gagliano,01/07/2026 08:31:43 PM,L1,,,01/07/2026 10:54:52 PM,Chris Gagliano,01/07/2026 10:54:52 PM,
01/07/2026 10:09:17 PM,SSPTKT-010,,Denise Nurmi,Denise.Nurmi@alignedcardio.com,(804) 816-4220,Discovery,Application not working,User Productivity,"(804) 816-4220 Extension 1170
Denise is having issues with not being able to access Teams and is receiving error.",,Resolved,High,Low,FALSE,Rick Barlow,01/26/2026 11:20:49 PM,L1,,,01/26/2026 11:20:49 PM,Rick Barlow,01/26/2026 11:20:36 PM,
01/07/2026 10:10:42 PM,SSPTKT-011,,Denise Nurmi,Denise.Nurmi@alignedcardio.com,(804) 816-4220,Discovery,Laptop / desktop issue,User Productivity,"(804) 816-4220 Extension 1170
on WFH setup. Denise was just shipped new docking station.  it works but only one monitor is showing up.",,Resolved,Medium,Low,FALSE,Rick Barlow,01/07/2026 10:16:57 PM,L1,,,02/13/2026 05:07:09 AM,Rick Barlow,02/13/2026 05:07:09 AM,
01/08/2026 01:00:06 AM,SSPTKT-012,,lacy gilliland,lacy.gilliland@AlignedCardio.com,(804) 245-8340,Ashlake,Laptop / desktop issue,User Productivity,"Mona Berry PC is offline - Computer Name  	ACP-F0W6Z24",,Resolved,Low,Low,FALSE,Rick Barlow,01/26/2026 11:23:31 PM,L1,,,01/26/2026 11:23:53 PM,Rick Barlow,01/26/2026 11:23:53 PM,
01/08/2026 04:25:39 AM,SSPTKT-013,,Danielle Giebelhausen,Danielle.Giebelhausen@alignedcardio.com,(804) 816-4199,Colonial Heights,General IT query,Service Request,"Contact Phone # (804) 816-4199 Ext 1102
Need to go onsite to perform cable management in front office area.",,Resolved,Medium,Low,FALSE,Chris Gagliano,01/08/2026 04:27:13 AM,L1,,,01/26/2026 11:25:00 PM,Rick Barlow,01/26/2026 11:25:00 PM,
01/08/2026 08:23:48 PM,SSPTKT-014,,Shannon Taylor,Shannon.taylor@alignedcardio.com,(804) 712-9909,Colonial Heights,Application not working,User Productivity,Emporia Front desk computer won't allow scanning reports memory low and constant pop ups of application error,,Resolved,Pending,Low,TRUE,,,L1,,,01/08/2026 10:32:41 PM,Chris Gagliano,01/08/2026 10:32:41 PM,
01/08/2026 10:41:17 PM,SSPTKT-015,,Danielle Giebelhausen,danielle.giebelhausen@alignedcardio.com,(540) 222-0876,Colonial Heights,Other Ring Central Issue,Service Request,additional hard phones are in and ready for install,,Resolved,Low,Low,FALSE,Chris Gagliano,01/09/2026 03:04:35 AM,L1,,,01/26/2026 11:32:41 PM,Rick Barlow,01/26/2026 11:25:58 PM,
01/08/2026 11:46:55 PM,SSPTKT-016,,lacy gilliland,lacy.gilliland@alignedcardio.com,(804) 678-8905,Ashlake,Other Ring Central Issue,User Productivity,"I have received my ring central phones, will need them set up at the desk they are currently at.",,Resolved,Low,Low,FALSE,Rick Barlow,01/26/2026 11:15:17 PM,L1,,,01/26/2026 11:15:33 PM,Rick Barlow,01/26/2026 11:15:33 PM,
01/09/2026 12:22:06 AM,SSPTKT-017,,lacy gilliland,lacy.gilliland@alignedcardio.com,(804) 678-8905,Ashlake,Laptop / desktop issue,User Productivity,Back computer station (mona) lost internet again.,,Resolved,Low,Low,FALSE,Rick Barlow,01/09/2026 03:09:14 AM,L1,,,01/26/2026 11:14:41 PM,Rick Barlow,01/26/2026 11:12:53 PM,
01/09/2026 01:02:58 AM,SSPTKT-018,,Shannon Taylor,shannon.taylor@alignedcardio.com,(804) 712-9909,Colonial Heights,Other Ring Central Issue,User Productivity,Emporia location has received the additional phones that will need to be installed and setup.  If anything further is needed please reach out.  Thanks,,Resolved,Low,Low,FALSE,Rick Barlow,01/26/2026 11:12:13 PM,L1,,,01/26/2026 11:14:17 PM,Rick Barlow,01/26/2026 11:12:35 PM,
01/09/2026 02:13:41 AM,SSPTKT-019,,Charnae Hanley,Charnae.Hanley@alignedcardio.com,(804) 362-3643,Discovery,Printer / scanner,User Productivity,"(804) 362-3643 Ext 1227
Charnae is having trouble printing to her printer. Charnae is also reporting that other users are having trouble printitng.",,Resolved,Low,Low,FALSE,Rick Barlow,01/09/2026 03:06:39 AM,L1,,,01/09/2026 08:07:33 PM,Rick Barlow,01/09/2026 08:07:33 PM,
01/09/2026 02:17:41 AM,SSPTKT-020,,Denise Nurmi,Denise.Nurmi@alignedcardio.com,(804) 816-4220,Discovery,Login / Sign-in issue,Security / Access,"Requesting for us to check that Kimberly Burtons Email is terminated.

Phone number
Extension
1170
Direct number
(804) 816-4220",,Resolved,Low,Low,FALSE,Rick Barlow,01/09/2026 04:38:40 PM,L1,,,01/09/2026 04:38:40 PM,Rick Barlow,01/09/2026 02:24:59 AM,
01/09/2026 02:20:24 AM,SSPTKT-021,,Mohammed Wazzan,mohammed.wazzan@alignedcardio.com,(202) 677-2351,Colonial Heights,Laptop / desktop issue,User Productivity,Dr. Wazzan is having issues with laptop.  Rick has left message with him today.,,Resolved,Low,Low,FALSE,Rick Barlow,01/09/2026 03:04:04 AM,L1,,,01/26/2026 11:27:10 PM,Rick Barlow,01/26/2026 11:27:10 PM,
01/09/2026 08:01:40 PM,SSPTKT-022,,Tiffani Boyce,tiffani.boyce@alignedcardio.com,(540) 628-2173,Stafford,Printer / scanner,User Productivity,"Kristine Spelman Robertson is unable to connect to printer and print from her laptop.  Her laptop name is KSPELMANROB25.  She can be reached at the number above, ext 102 if she needs to be contacted directly.  Printer is LEXMARK 7355",,Resolved,Low,Low,FALSE,Rick Barlow,01/09/2026 08:07:53 PM,L1,,,01/26/2026 11:32:10 PM,Rick Barlow,01/09/2026 08:15:24 PM,
01/09/2026 09:30:39 PM,SSPTKT-023,,Shanel Patterson,Shanel.Patterson@alignedcardio.com,(917) 548-2443,Discovery,Hardware replacement,User Productivity,We received our additional RingCentral phones yesterday. Could someone please come by to set them up?,,Resolved,Low,Low,FALSE,Rick Barlow,01/10/2026 01:09:21 AM,L1,,,01/10/2026 01:10:57 AM,Rick Barlow,01/10/2026 01:10:57 AM,
01/09/2026 11:58:54 PM,SSPTKT-024,,lisa cash,lisa.cash@alignedcardio.com,(804) 418-2069,Discovery,Laptop / desktop issue,User Productivity,"Rick to issue new laptop for Lisa, current laptop is crashing.",,Resolved,Medium,Low,FALSE,Rick Barlow,01/09/2026 11:59:52 PM,L1,,,01/10/2026 12:00:35 AM,Rick Barlow,01/10/2026 12:00:07 AM,
01/13/2026 12:06:48 AM,SSPTKT-025,,Tiffani Boyce,tiffani.boyce@alignedcardio.com,(603) 731-1645,Woodbridge,Wi-Fi connectivity,User Productivity,"Dr Yazdani's laptop computer keeps dropping off the internet when I go from one room to another in WB office. The others do not have this issue. 
Can they troubleshoot this? It might be that there are 2 WiFi and mine operates only with one or something like that!",,Resolved,Low,Low,FALSE,Rick Barlow,01/28/2026 02:13:56 AM,L1,,,02/17/2026 04:35:46 AM,Rick Barlow,02/17/2026 04:35:46 AM,
01/13/2026 03:51:35 AM,SSPTKT-026,,Tonika Morton,tonika.morton@alignedcardio.com,(804) 418-2069,Colonial Heights,Phishing / suspicious email,Security / Access,"Spam
From: SentinelOne <noreply@member-services.info>
Sent: Monday, January 12, 2026 3:26 PM
To: Tonika Morton <Tonika.Morton@AlignedCardio.com>
Subject: Complete Your Login as a SentinelOne User (Time Sensitive)
***This email originated outside of Aligned Cardiovascular Partners, LLC. Please h",,Resolved,Low,Low,FALSE,Rick Barlow,01/14/2026 01:03:08 AM,L1,,,01/14/2026 01:03:24 AM,Chris Gagliano,01/14/2026 01:03:24 AM,
01/14/2026 12:40:26 AM,SSPTKT-027,,Rebekah Toliver,Rebekah.Toliver@alignedcardio.com,(202) 468-9760,Stafford,Laptop / desktop issue,Security / Access,User Text me requesting a recovery key for her BitLocker,,Resolved,Low,Low,FALSE,Chris Gagliano,01/14/2026 12:58:08 AM,L1,,,01/14/2026 12:58:08 AM,Chris Gagliano,01/14/2026 12:57:50 AM,
01/14/2026 01:30:57 AM,SSPTKT-028,,Shanel Patterson,Shanel.Patterson@alignedcardio.com,(917) 548-2443,Discovery,Other Ring Central Issue,User Productivity,One of the front desk phone is not working she unable to make calls her # 804-362-3446 ext 1270,,Resolved,Low,Low,FALSE,Chris Gagliano,01/14/2026 06:57:56 PM,L1,,,01/26/2026 11:31:45 PM,Chris Gagliano,01/15/2026 05:25:41 AM,
01/14/2026 09:01:37 PM,SSPTKT-029,,lacy gilliland,lacy.gilliland@alignedcardio.com,(804) 678-8905,Ashlake,Application not working,Service Request,Stamp labeler is showing off line,,Resolved,Low,Low,FALSE,Chris Gagliano,01/15/2026 05:22:45 AM,L1,,,01/28/2026 02:13:33 AM,Rick Barlow,01/28/2026 02:13:33 AM,
01/16/2026 09:25:21 PM,SSPTKT-030,,Meredith Loftheim,Meredith.Loftheim@alignedcardio.com,(804) 418-2069,ACP - Corporate,Laptop / desktop issue,User Productivity,Computer is locked with Bitlocker - need recovery key,,Resolved,Pending,Low,TRUE,,,L1,,,01/26/2026 11:30:23 PM,Rick Barlow,01/26/2026 11:30:23 PM,
01/16/2026 09:30:53 PM,SSPTKT-031,AGN-US-2K25-292,Sri hari,SriHari.Thangavel@alignedcardio.com,(000) 000-0000,ACP - Corporate,Login / Sign-in issue,System Outage,Testing ignore the ticket.,Testing the Flow.,Resolved,Low,Low,TRUE,Rick Barlow,01/16/2026 09:32:22 PM,L3,Rick Barlow,01/16/2026 09:32:59 PM,01/16/2026 09:33:57 PM,Sri Hari,01/16/2026 09:33:26 PM,
01/19/2026 01:48:14 PM,SSPTKT-032,AGN-US-2K25-292,Sri hari,SriHari.Thangavel@alignedcardio.com,(000) 000-0047,HRA - Greenville,Application not working,User Productivity,Testing the latest version.,,Resolved,High,Low,TRUE,Sri hari,01/19/2026 01:51:06 PM,L1,Sri hari,01/19/2026 01:51:45 PM,01/19/2026 01:52:51 PM,Sri Hari,01/19/2026 01:52:51 PM,
01/19/2026 08:37:54 PM,SSPTKT-033,AGN-US-2K25-295,Monapuri Pranay,monapuri.pranay@alignedcardio.com,(789) 387-4853,ACP - Corporate,Wi-Fi connectivity,User Productivity,Wi-Fi issue,,Resolved,Pending,Low,FALSE,,,L1,,,01/26/2026 11:29:33 PM,Sri Hari,01/20/2026 02:36:56 PM,
01/20/2026 09:44:41 PM,SSPTKT-034,,Danielle Giebelhausen,danielle.giebelhausen@alignedcardio.com,(540) 222-0876,JRC - Colonial Heights,No internet,System Outage,Internet out,,Resolved,Medium,Low,FALSE,Rick Barlow,01/21/2026 04:53:51 AM,L1,,,01/21/2026 04:53:51 AM,Rick Barlow,01/21/2026 04:53:33 AM,
01/21/2026 11:12:26 PM,SSPTKT-035,,Shannon Taylor,shannon.taylor@alignedcardio.com,(804) 712-9909,JRC - Colonial Heights,Printer / scanner,System Outage,"Tiara Miller is having a printer issue saying driver unavailable. She states she was printing fine and then it stopped.  Also, she needs a docking station cord sent to her that David was supposed to take care of.  She is a remote worker.  Thanks",,Resolved,Low,Low,FALSE,Rick Barlow,01/22/2026 12:09:05 AM,L1,,,01/26/2026 11:29:09 PM,Rick Barlow,01/26/2026 11:10:05 PM,
01/22/2026 08:52:34 PM,SSPTKT-036,,Lexa Ramkey,Lexa.Ramkey@alignedcardio.com,(804) 418-2069,JRC - Ashlake,Printer / scanner,User Productivity,"Computer Station Name:  DAC-HKP3N34
Scan Snap Printer is showing in devices.  
usually when i sign into computer it will have my email up on the scanner it wont log me in for the scanner.  Pranay would you be able to help Lexa.  She can chat on Teams.",,Resolved,Medium,Low,FALSE,Monapuri Pranay,01/22/2026 08:54:17 PM,L1,,,01/22/2026 09:36:09 PM,Monapuri Pranay,01/22/2026 09:36:09 PM,
01/22/2026 10:03:21 PM,SSPTKT-037,,Tiara Miller,Tiara.miller@alignedCardio.com,(910) 750-9693,JRC - Colonial Heights,Application not working,User Productivity,"My fax infotel is saying there is an error, I took a screenshot of this and sent to Rick on teams. I need to use this website to fax documents! Thank you all so much",,Resolved,Medium,Low,TRUE,Monapuri Pranay,01/22/2026 10:10:00 PM,L1,,,01/26/2026 11:28:47 PM,Monapuri Pranay,01/23/2026 12:34:37 AM,
01/22/2026 11:08:27 PM,SSPTKT-038,,lacy gilliland,lacy.gilliland@alignedcardio.com,(804) 678-8905,JRC - Ashlake,Printer / scanner,User Productivity,All my printers are showing offline,,Resolved,Medium,Low,FALSE,Rick Barlow,01/23/2026 02:28:13 AM,L1,,,01/26/2026 11:28:16 PM,Rick Barlow,01/26/2026 10:15:40 PM,
01/23/2026 06:37:27 PM,SSPTKT-039,,Shannon Taylor,Shannon.taylor@alignedcardio.com,(804) 712-9909,JRC - Colonial Heights,Login / Sign-in issue,Security / Access,"Dara Mayo is no longer with JRC, can we please deactivate her outlook email.  Thanks",,Resolved,Low,Low,FALSE,Rick Barlow,01/23/2026 06:49:53 PM,L1,,,01/26/2026 10:14:06 PM,Rick Barlow,01/26/2026 10:13:39 PM,
01/26/2026 09:42:33 PM,SSPTKT-040,,Lauren Reaves,lauren.reaves@alignedcardio.com,(619) 573-6524,ASC - Colonial Heights,Login / Sign-in issue,User Productivity,"I work remote from home. I am having difficulty with authentication app since getting a new cell phone. For Outlook, insurance portals and more. Please advise.",,Resolved,Low,Low,FALSE,Monapuri Pranay,01/26/2026 09:43:18 PM,L1,,,01/26/2026 11:27:57 PM,Monapuri Pranay,01/26/2026 11:24:42 PM,
01/27/2026 02:12:08 PM,SSPTKT-041,,Udayakumar Murugesan,udayakumar.murugesan@alignedcardio.com,(900) 365-6216,Solid State Practice,Mailbox / Outlook access,User Productivity,"My Outlook desktop application is currently not working. I am only able to access my email through the Chrome browser.

Whenever my system goes into sleep mode or after I shut down and restart, the device authentication/Authenticator verification is repeatedly requested. Because of this issue, email",,Resolved,Low,Low,FALSE,Rick Barlow,01/27/2026 05:30:20 PM,L3,Rick Barlow,01/27/2026 06:25:34 PM,02/13/2026 05:07:56 AM,Rick Barlow,02/13/2026 05:07:56 AM,
01/29/2026 12:18:49 AM,SSPTKT-042,,reena amin,reena.amin@alignedcardio.com,(757) 660-4083,JRC - Discovery - AIC,Printer / scanner,User Productivity,"I use the copy/printer/scanner Lexmark at AIC to scan out AIC mail and other documents to billing, Accounting, etc. However, the from address is alignedcardio@gmail.com. It's always been and was set up that way, however it is not hippa compliant. I need help changing it. Thank you",,Resolved,Low,Low,FALSE,Rick Barlow,01/29/2026 12:21:12 AM,L1,,,02/13/2026 05:05:13 AM,Rick Barlow,02/13/2026 05:05:13 AM,
01/29/2026 07:37:53 PM,SSPTKT-043,,Ann Munley,ann.munley@alignedcardio.com,(540) 446-9566,JRC - Colonial Heights,Monitor / keyboard / mouse,User Productivity,"My laptop has been freezing and saying the keyboard has an issue. It is very slow and when it freezes and I try to turn it off it takes a long time to get it to shut down. It also tells me I have no internet connection, when my sending laptop has a connection.",,Resolved,Low,Low,FALSE,Sri hari,01/29/2026 07:39:25 PM,L1,,,02/05/2026 06:25:21 PM,Sri Hari,01/29/2026 10:00:18 PM,
01/30/2026 07:28:47 PM,SSPTKT-044,,Kaveeta Dookie,kaveeta.dookie@alignedcardio.com,(703) 656-5829,NCC - Woodbridge,Printer / scanner,User Productivity,"the printer that my computer is connected to ""Lexmark xm3250 "" would randomly stop printing documents at random times. I am positioned at ""CHECKOUT 2"". Any assistance would be greatly appreciated. Thank you.",,Resolved,Medium,Low,FALSE,Rick Barlow,01/30/2026 10:21:26 PM,L1,,,02/05/2026 06:23:21 PM,Rick Barlow,02/05/2026 06:23:21 PM,
01/30/2026 08:03:32 PM,SSPTKT-045,,Saravanan Murugesan,Saravanan.Murugesan@AlignedCardio.com,(000) 000-0000,Solid State Practice,Mailbox / Outlook access,User Productivity,I am unable to send emails. Please look into this issue.,,Resolved,Low,Low,FALSE,Sri hari,01/30/2026 08:04:50 PM,L1,,,02/26/2026 10:34:05 PM,Sri Hari,01/30/2026 08:13:01 PM,
01/30/2026 08:35:22 PM,SSPTKT-046,,Bravin Jebakumar,Bravin.Jebakumar@alignedcardio.com,(512) 333-4695,Solid State Practice,Mailbox / Outlook access,User Productivity,"Pop up shows as ""Your mailbox is 98% full"" while using alignedcardio email. Please look into it",,Resolved,Low,Low,FALSE,Sri hari,01/30/2026 08:36:49 PM,L1,,,04/24/2026 08:13:14 AM,Sri Hari,02/03/2026 07:42:00 PM,
01/30/2026 11:34:50 PM,SSPTKT-047,,Isabelle Johnson,Isabelle.Johnson@alignedcardio.com,(571) 329-3739,NCC - Woodbridge,Hardware replacement,User Productivity,need help with my scanner please urgent,,Resolved,Low,Low,FALSE,Rick Barlow,01/31/2026 12:13:34 AM,L1,,,02/05/2026 06:21:53 PM,Rick Barlow,02/05/2026 06:21:53 PM,
02/03/2026 05:16:56 AM,SSPTKT-048,,Tanicia Hendricks,tanicia.hendricks@alignedcardio.com,(804) 237-3086,JRC - Discovery,Laptop / desktop issue,User Productivity,My lab top is not connecting to WiFi I don’t have a option for it,,Resolved,Low,Low,FALSE,Monapuri Pranay,02/03/2026 09:28:56 AM,L1,Monapuri Pranay,02/03/2026 06:45:52 PM,04/24/2026 08:30:48 AM,Monapuri Pranay,02/04/2026 08:15:08 PM,
02/03/2026 06:23:50 PM,SSPTKT-049,,Keonda Gill,keonda.gill@alignedcardio.com,(804) 504-2501,JRC - Colonial Heights,Application not working,User Productivity,"Athena not working. Error message: Client: 98.97.154.114 Server: 208.78.141.192 Error code: 201303, Please contact the CSC for support. Also states unable to fetch.",,Resolved,Low,Low,FALSE,Rick Barlow,02/03/2026 06:24:41 PM,L3,Rick Barlow,02/03/2026 06:44:57 PM,02/26/2026 10:34:41 PM,Rick Barlow,02/04/2026 07:57:07 PM,
02/03/2026 06:42:00 PM,SSPTKT-050,,BrittanyD Taylor,brittanyd.taylor@alignedcardio.com,(804) 816-3990,JRC - Ashlake,Not listed above,User Productivity,I keep getting an error message when logging into Athena.,,Resolved,Medium,Low,TRUE,Monapuri Pranay,02/04/2026 07:11:11 PM,L1,,,02/13/2026 05:03:10 AM,Monapuri Pranay,02/04/2026 07:11:56 PM,
02/04/2026 11:27:33 PM,SSPTKT-051,,Jacob Christian,Jacob.christian@alignedcardio.com,(804) 637-1611,JRC - Colonial Heights,Application not working,User Productivity,Unable to pull up a web page (Chrome or Edge) on my work computer. Sent email to IT Supp.,,Resolved,Low,Low,FALSE,Rick Barlow,02/06/2026 10:41:51 PM,L1,,,02/13/2026 05:04:19 AM,Rick Barlow,02/13/2026 05:04:19 AM,
02/05/2026 09:20:26 PM,SSPTKT-052,,Lisa Elmore,lisa.elmore@alignedcardio.com,(826) 255-7345,NCC - Woodbridge,Printer / scanner,User Productivity,im not able to print from my computer,,Resolved,Low,Low,FALSE,Monapuri Pranay,02/05/2026 09:46:07 PM,L1,,,02/13/2026 05:02:41 AM,Monapuri Pranay,02/06/2026 07:05:20 PM,
02/06/2026 08:25:34 PM,SSPTKT-053,,madison eastman,madison.eastman@alignedcardio.com,(989) 370-2434,JRC - Discovery,Application not working,Security / Access,"Hello, I got locked out of my ADP. I logged out so a coworker could use the ADP because her laptop was not working. When I tried to log back in it won't allow me. It just takes me to a genaric profile page. I have tried closing the tab and entering back in, and using the old link, nothing is working",,Resolved,Low,Low,FALSE,Rick Barlow,02/13/2026 05:01:33 AM,L3,Rick Barlow,02/06/2026 08:54:44 PM,02/17/2026 04:36:41 AM,Rick Barlow,02/17/2026 04:36:41 AM,
02/06/2026 08:47:18 PM,SSPTKT-054,,Ioana Boanca,Ioana.Boanca@alignedcardio.com,(804) 418-2069,JRC - Discovery - AIC,Printer / scanner,User Productivity,We have a Lexmark printer where we need to have the Email Setup so we can scan paperwork to employees etc.   The workstation name is DCAP-Frontdesk - Rick has the Lexmark application up and is working here if you need assistance.   There was a gmail address in there but it was no HIPPA Compliant.,We can provide an AlignedCardio Email Address and Password.,Resolved,Low,Low,FALSE,Rick Barlow,02/13/2026 04:59:37 AM,L1,,,02/13/2026 04:59:50 AM,Rick Barlow,02/13/2026 04:59:50 AM,
02/06/2026 10:19:46 PM,SSPTKT-055,,Ann Munley,ann.munley@alignedcardio.com,(540) 446-9566,JRC - Colonial Heights,Application not working,Security / Access,I cannot log into Breach Secure Now since our laptops were updated two days ago. I have reset my password and the username is correct. I'm not sure who to contact for this. Any help would be appreciated. Thank you!,,Resolved,Low,Low,FALSE,Sri hari,02/06/2026 10:24:47 PM,L1,,,02/06/2026 10:40:39 PM,Sri Hari,02/06/2026 10:40:39 PM,
02/09/2026 07:29:15 PM,SSPTKT-056,,Ana Angulo,ana.angulo@alignedcardio.com,(703) 587-7620,PCC - Potomac,Laptop / desktop issue,Security / Access,"2 desktops needing bit locker codes. 
Front Desk PC001PC-3 and PC001PC-1
Same 2 units this happened to last week.",,Resolved,Low,Low,FALSE,Monapuri Pranay,02/09/2026 07:32:38 PM,L1,,,04/24/2026 08:13:37 AM,Monapuri Pranay,02/09/2026 08:10:57 PM,
02/09/2026 08:08:36 PM,SSPTKT-057,,Jayden Jefferson,jayden.jefferson@alignedcardio.com,(804) 896-6068,JRC - Ashlake,Application not working,User Productivity,"Treadmill does not start when ""exercise"" is pressed in Norav. Computer has also given an error that says ""COM: file cannot be specified""",,Resolved,Low,Low,FALSE,Rick Barlow,02/09/2026 08:10:26 PM,L3,Rick Barlow,02/09/2026 08:17:36 PM,02/13/2026 12:43:15 AM,Rick Barlow,02/13/2026 12:43:15 AM,
02/11/2026 10:32:56 PM,SSPTKT-058,,Kristin Powell,kristin.powell@alignedcardio.com,(804) 520-1764,JRC - Discovery,Printer / scanner,Service Request,i need my scanner fixed,,Resolved,Low,Low,FALSE,Rick Barlow,02/11/2026 11:21:01 PM,L1,,,02/13/2026 12:41:12 AM,Rick Barlow,02/13/2026 12:41:12 AM,
02/12/2026 10:32:07 PM,SSPTKT-059,,Ann Munley,ann.munley@alignedcardio.com,(540) 446-9566,JRC - Colonial Heights,Application not working,User Productivity,"Picom is not refreshing, my images are sending to the sending laptop, but they never reach PICOM and are not sitting in the sculnbox. I am unable to write reports.",,Resolved,Low,Low,FALSE,Rick Barlow,02/13/2026 04:58:00 AM,L1,,,02/13/2026 04:58:12 AM,Rick Barlow,02/13/2026 04:58:12 AM,
02/12/2026 11:26:52 PM,SSPTKT-060,,lacy gilliland,lacy.gilliland@alignedcardio.com,(804) 678-8905,JRC - Ashlake,Other Ring Central Issue,User Productivity,Need a phone added for an MA and one moved to my check out spot.,,Resolved,Low,Low,FALSE,Rick Barlow,02/12/2026 11:27:55 PM,L1,,,04/24/2026 08:12:12 AM,Rick Barlow,04/24/2026 08:12:12 AM,
02/16/2026 06:09:05 PM,SSPTKT-061,,Emilee Garrison,Emilee.Garrison@AlignedCardio.com,(805) 512-6829,JRC - Colonial Heights,Application not working,Service Request,PICOM sending computer C Drive is full. Need old PICOM files deleted.,,Resolved,Low,Low,FALSE,Sri hari,02/16/2026 06:13:27 PM,L1,,,02/17/2026 04:34:13 AM,Sri Hari,02/16/2026 07:28:26 PM,
02/16/2026 06:52:11 PM,SSPTKT-062,,lacy gilliland,lacy.gilliland@alignedcardio.com,(804) 678-8905,JRC - Discovery,Other Ring Central Issue,Service Request,Mara--Marilyn at Discovery needs a ring central phone or laptop capabilities to make phone calls for the cancelation list and r/s for Discovery. I have cleared it with Denise,,Resolved,Low,Low,FALSE,Rick Barlow,02/25/2026 09:11:17 PM,L1,,,02/26/2026 10:47:07 PM,Rick Barlow,02/26/2026 10:47:07 PM,
02/16/2026 08:25:55 PM,SSPTKT-063,,lacy gilliland,lacy.gilliland@alignedcardio.com,(804) 678-8905,JRC - Discovery,Mailbox / Outlook access,User Productivity,Question about outlook for Alesha Crawford--temp working the front desk at West End and then moving down to the EP clinic,,Resolved,Low,Low,FALSE,Rick Barlow,02/16/2026 11:38:52 PM,L1,,,02/20/2026 02:23:32 AM,Rick Barlow,02/20/2026 02:23:32 AM,
02/17/2026 11:44:35 PM,SSPTKT-064,,lacy gilliland,lacy.gilliland@alignedcardio.com,(804) 678-8905,JRC - Ashlake,Printer / scanner,User Productivity,"Mona scanner for the INS and ID cards is not working, we have tried to unplug and restart it.",,Resolved,Low,Low,FALSE,Rick Barlow,02/18/2026 07:36:07 PM,L1,,,02/25/2026 09:08:29 PM,Rick Barlow,02/25/2026 09:08:29 PM,
02/25/2026 03:05:53 PM,SSPTKT-065,,Sri Hari Thangavel,srihari.thangavel@solidstatepractice.com,(000) 000-0000,Solid State Practice,Not listed above,Security / Access,Testing the Version 1.30,,Resolved,Pending,Low,FALSE,,,L1,,,04/24/2026 08:15:05 AM,Sri Hari,02/25/2026 03:08:51 PM,
02/25/2026 03:58:15 PM,SSPTKT-066,,Shamuvel Sadhasivam,shamuvel.sadhasivam@solidstatepractice.com,(769) 581-4445,Solid State Practice,New user setup,User Productivity,I would like to request the creation of a new user profile in the system.,,Resolved,Low,Low,FALSE,Sri hari,02/25/2026 04:11:10 PM,L1,,,04/24/2026 08:16:12 AM,Sri Hari,02/27/2026 03:02:40 PM,
02/25/2026 05:22:13 PM,SSPTKT-067,,Thiruselvam Sundaram,thiruselvam.sundaram@solidstatepractice.com,(822) 038-3355,Solid State Practice,Application access request,User Productivity,Need to provide PDF editor access for Srijithkumar Madhavan. Kindly assist in getting this installed for him.,,Resolved,Low,Low,FALSE,Sri hari,02/25/2026 05:28:40 PM,L1,,,02/26/2026 10:33:06 PM,Rick Barlow,02/26/2026 10:31:19 PM,
02/25/2026 09:12:16 PM,SSPTKT-068,,rayniesha johnson,rayniesha.johnson@alignedcardio.com,(804) 324-6430,JRC - Discovery,Application not working,User Productivity,Computer just rotating when trying to restart. Athena not allowing me in at all.,,Resolved,Low,Low,FALSE,Monapuri Pranay,02/25/2026 09:13:14 PM,L1,,,02/26/2026 10:21:29 PM,Monapuri Pranay,02/25/2026 10:54:20 PM,
02/26/2026 01:28:13 AM,SSPTKT-069,,lacy gilliland,lacy.gilliland@alignedcardio.com,(804) 678-8905,JRC - Discovery,Login / Sign-in issue,User Productivity,Alesha Crawford--needs her Aligned Cardio email password re-set---she is not on a laptop but logs into different desk top,,Resolved,Low,Low,FALSE,Monapuri Pranay,02/26/2026 01:30:45 AM,L1,,,02/26/2026 10:20:13 PM,Monapuri Pranay,02/26/2026 02:24:01 AM,
02/26/2026 07:30:35 PM,SSPTKT-070,,Sabarinathan Murugesh,sabarinathan@solidstatepractice.com,(956) 665-8516,Solid State Practice,Installation / upgrade,Service Request,Need MicroSip Software.,,Resolved,Low,Low,FALSE,Sri hari,02/26/2026 07:32:04 PM,L1,,,02/26/2026 10:20:40 PM,Sri Hari,02/26/2026 07:33:29 PM,
02/26/2026 09:57:07 PM,SSPTKT-071,,madison eastman,madison.eastman@alignedcardio.com,(989) 370-2434,JRC - Discovery,Application not working,User Productivity,Can I have someone clear all the data from the Pcache folder in the ScImage folder located in ProgramData. This is URGENT!!!!,,Resolved,Low,Low,FALSE,Monapuri Pranay,02/26/2026 09:58:59 PM,L1,,,02/26/2026 10:38:54 PM,Rick Barlow,02/26/2026 10:38:54 PM,
02/27/2026 06:43:26 PM,SSPTKT-072,,Sabarinathan Murugesh,sabarinathan@solidstatepractice.com,(956) 665-8516,Solid State Practice,Laptop / desktop issue,User Productivity,System is working slow.,,Resolved,Low,Low,FALSE,Sri hari,02/27/2026 06:57:17 PM,L1,,,02/27/2026 08:21:16 PM,Sri Hari,02/27/2026 08:21:16 PM,
03/02/2026 09:27:41 AM,SSPTKT-073,,Deepika Balu,deepika@solidstatepractice.com,(850) 894-9376,Solid State Practice,Login / Sign-in issue,User Productivity,Excel license deactivated. Not able work in excel.,,Resolved,Low,Low,FALSE,Sri hari,03/02/2026 06:38:44 PM,L1,,,04/24/2026 08:17:46 AM,Sri Hari,03/03/2026 05:06:34 PM,
03/03/2026 11:23:12 PM,SSPTKT-074,,lisa cash,lisa.cash@alignedcardio.com,(804) 683-0577,JRC - Discovery - AIC,Mailbox / Outlook access,User Productivity,I am unable to access my email outside of work and on my phone,,Resolved,Low,Low,FALSE,Rick Barlow,03/04/2026 12:23:04 AM,L1,,,04/24/2026 08:11:21 AM,Rick Barlow,04/24/2026 08:11:21 AM,
03/04/2026 11:49:21 AM,SSPTKT-075,,Gayathri Murugesan,Gayathri.Murugesan@alignedcardio.com,(770) 880-9085,Solid State Practice,Login / Sign-in issue,User Productivity,I’m unable to open the link sent from Ronan Healthcare on the compliance side. It shows a ‘404 Not Found’ message.,,Resolved,Low,Low,FALSE,Sri hari,03/04/2026 05:08:49 PM,L1,,,04/24/2026 08:19:02 AM,Sri Hari,03/05/2026 02:11:34 AM,
03/04/2026 07:16:25 PM,SSPTKT-076,,lacy gilliland,lacy.gilliland@alignedcardio.com,(804) 678-8905,JRC - Discovery,Printer / scanner,User Productivity,I am unable to print at Discovery Dr. Attempted to remove Laser Pro M501--NPI8FAF8B,,Resolved,Low,Low,FALSE,Monapuri Pranay,03/04/2026 07:20:35 PM,L1,,,04/24/2026 08:21:06 AM,Monapuri Pranay,03/04/2026 10:18:32 PM,
03/04/2026 11:02:36 PM,SSPTKT-077,,Nivesh Hauldurai,nivesh@solidstatepractice.com,(804) 508-6318,Solid State Practice,New software request,Security / Access,"I am writing to request access to the iLovePDF website.

I require this tool to edit and merge documents in order to submit an appeal. Having access to these features will allow me to consolidate the necessary files efficiently.

Link - https://www.ilovepdf.com/",,Resolved,Low,Low,FALSE,Sri hari,03/04/2026 11:40:59 PM,L1,,,04/24/2026 08:20:09 AM,Sri Hari,03/05/2026 02:11:23 AM,
03/05/2026 03:52:29 PM,SSPTKT-078,,Rohith Christopher,rohith.christopher@solidstatepractice.com,(866) 811-4175,Solid State Practice,Not listed above,User Productivity,excel is chrashing can't work,,Resolved,Low,Low,FALSE,Sri hari,03/05/2026 07:04:21 PM,L1,,,04/24/2026 08:21:29 AM,Sri Hari,03/31/2026 12:02:44 PM,
03/05/2026 03:54:25 PM,SSPTKT-079,,Sylesh Gunasekaran,sylesh.gunasekaran@solidstatepractice.com,(936) 146-5439,Solid State Practice,Monitor / keyboard / mouse,User Productivity,"NEED TO CHANGE  SYSTEM  ,  NO  WORKING PROPERLY",,Resolved,Low,Low,FALSE,Sri hari,03/05/2026 07:04:04 PM,L1,,,04/24/2026 08:22:39 AM,Sri Hari,03/06/2026 04:25:15 PM,
03/05/2026 05:27:51 PM,SSPTKT-080,,Srijithkumar Madhavan,srijithkumar.madhavan@solidstatepractice.com,(000) 000-0000,Solid State Practice,New user setup,User Productivity,NEED USER LOGIN,,Resolved,Low,Low,FALSE,Sri hari,03/05/2026 07:03:51 PM,L1,,,04/24/2026 08:22:59 AM,Sri Hari,03/31/2026 12:03:09 PM,
03/05/2026 05:28:56 PM,SSPTKT-081,,GokulKrishnan Kulandaivel,gokulkrishnan.kulandaivel@solidstatepractice.com,(000) 000-0000,Solid State Practice,Login / Sign-in issue,User Productivity,NEED SYSTEM USER LOGIN,,Resolved,Low,Low,FALSE,Sri hari,03/05/2026 07:03:37 PM,L1,,,04/24/2026 08:23:16 AM,Sri Hari,03/31/2026 12:03:28 PM,
03/05/2026 05:29:33 PM,SSPTKT-082,,Vivek Muthukumar,vivek.muthukumar@solidstatepractice.com,(000) 000-0000,Solid State Practice,Login / Sign-in issue,User Productivity,NEED SYSTEM USER LOGIN,,Resolved,Low,Low,FALSE,Sri hari,03/05/2026 07:02:53 PM,L1,,,04/24/2026 08:23:36 AM,Sri Hari,03/20/2026 01:11:26 PM,
03/05/2026 06:33:46 PM,SSPTKT-083,,Madhanagopal Kumarasamy,madhanagopal@solidstatepractice.com,(909) 542-5417,Solid State Practice,Application not working,User Productivity,excel  not working,,Resolved,Low,Low,FALSE,Sri hari,03/05/2026 07:02:35 PM,L1,,,04/24/2026 08:23:52 AM,Sri Hari,03/31/2026 12:03:48 PM,
03/06/2026 02:58:05 PM,SSPTKT-084,,Shrinivasan Perumal,shrinivasan@solidstatepractice.com,(994) 467-0931,Solid State Practice,New software request,User Productivity,"Need adobe access for 
Shrinivasan Perumal
Shamuvel sadhasivam
Vivek Muthukumar
Subhalakshmi Ravi
Gokul Kulandaivel",,Resolved,Low,Low,FALSE,Sri hari,03/06/2026 04:08:42 PM,L1,,,04/24/2026 08:24:44 AM,Sri Hari,03/06/2026 04:08:53 PM,
03/10/2026 08:58:36 PM,SSPTKT-085,,Danielle Giebelhausen,Danielle.Giebelhausen@alignedcardio.com,(804) 418-2069,JRC - Colonial Heights,Mailbox / Outlook access,User Productivity,Rashika Mills not receiving emails.,,Resolved,Low,Low,FALSE,Rick Barlow,03/10/2026 11:49:51 PM,L1,,,03/10/2026 11:51:32 PM,Rick Barlow,03/10/2026 11:51:32 PM,
03/10/2026 08:59:29 PM,SSPTKT-086,,Danielle Giebelhausen,Danielle.Giebelhausen@alignedcardio.com,(804) 418-2069,JRC - Colonial Heights,Wi-Fi connectivity,User Productivity,Wifi at JRC Colonial Heights is spotty in select areas.,,Resolved,Low,Low,FALSE,Rick Barlow,03/10/2026 09:35:26 PM,L1,,,04/24/2026 08:26:02 AM,Rick Barlow,04/24/2026 08:26:02 AM,
03/10/2026 09:00:43 PM,SSPTKT-087,,Danielle Giebelhausen,Danielle.Giebelhausen@alignedcardio.com,(804) 418-2069,JRC - Discovery,Application not working,User Productivity,Request Rick to go to the 2 MA Stations and confirm that MA's can scan into Athena.,,Resolved,Low,Low,FALSE,Rick Barlow,03/10/2026 09:33:55 PM,L1,,,04/24/2026 08:28:23 AM,Rick Barlow,04/24/2026 08:28:23 AM,
03/11/2026 12:03:30 AM,SSPTKT-088,,lisa cash,lisa.cash@alignedcardio.com,(804) 418-2069,JRC - Discovery,Outlook / Gmail issue,User Productivity,"Srihari,  this is Rick submitting this for Lisa Cash at JRC.  From Lisa:   am just checking on the update to get access to my phone for my email, teams and excel. I am still unable to access these sites. 

Did something change Policy wise in Intune.   Lisa has an Iphone",,Resolved,Medium,Low,FALSE,Sri hari,03/11/2026 12:17:32 AM,L1,,,04/24/2026 08:29:02 AM,Rick Barlow,04/24/2026 08:29:02 AM,
03/11/2026 09:13:18 PM,SSPTKT-089,,Tiffani Boyce,tiffani.boyce@alignedcardio.com,(603) 731-1645,NCC - Woodbridge,Login / Sign-in issue,User Productivity,"We need access for 2 employees to the Nova Cardio outlook inbox.  I used to have access, but seems that I no longer do.  Also, Sofia Mejia should have access to this inbox so she can work it and respond to incoming emails.  thank you",,Resolved,Low,Low,FALSE,Monapuri Pranay,03/11/2026 09:24:16 PM,L1,,,04/24/2026 08:29:44 AM,Monapuri Pranay,03/11/2026 10:10:00 PM,
03/13/2026 07:54:34 PM,SSPTKT-090,,Paris Jones,paris.jones@alignedcardio.com,(804) 973-2388,JRC - Discovery,Other Ring Central Issue,User Productivity,"Hi, I work at the DD location, and I have a phone that works to let me call out but it goes straight to voicemail when Pts, the call center, or coworkers call me.",,Resolved,Low,Low,FALSE,Rick Barlow,03/13/2026 08:19:53 PM,L1,,,04/24/2026 08:32:42 AM,Rick Barlow,04/24/2026 08:32:42 AM,
03/17/2026 09:17:53 PM,SSPTKT-091,,Jerrish Isaac,jerrish@solidstatepractice.com,(989) 467-2911,Solid State Practice,,,System is too slow and get freeze when working,,Resolved,Low,Low,FALSE,Monapuri Pranay,03/17/2026 09:19:20 PM,L1,,,03/17/2026 10:51:29 PM,Monapuri Pranay,03/17/2026 10:51:29 PM,
03/18/2026 02:32:50 PM,SSPTKT-092,,Balaraman Gopalakrishnan,balaraman@solidstatepractice.com,(956) 652-2945,Solid State Practice,,,ECW SOFTWARE ISSUE,,Resolved,Low,Low,FALSE,Sri hari,03/18/2026 03:06:40 PM,L1,,,03/19/2026 04:06:24 PM,Sri Hari,03/19/2026 04:06:24 PM,
03/18/2026 02:48:26 PM,SSPTKT-093,,Sowmiya Balasubramaniyan,sowmiya.balasubramaniyan@solidstatepractice.com,(900) 374-5119,Solid State Practice,,,system not working due to technical problem,,Resolved,Low,Low,FALSE,Sri hari,03/18/2026 03:06:24 PM,L1,,,03/18/2026 03:43:20 PM,Sri Hari,03/18/2026 03:38:53 PM,
03/18/2026 05:43:30 PM,SSPTKT-094,,Sridharkumar Ramu,sridharkumar.ramu@solidstatepractice.com,(804) 520-1764,Solid State Practice,,,Drive is not working,,Resolved,Low,Low,FALSE,Sri hari,03/18/2026 05:53:07 PM,L1,,,03/19/2026 04:05:15 PM,Sri Hari,03/19/2026 04:05:15 PM,
03/18/2026 06:21:47 PM,SSPTKT-095,,lacy gilliland,lacy.gilliland@alignedcardio.com,(804) 678-8905,JRC - Ashlake,Printer / scanner,User Productivity,"The Front Desk ID scanner at station 2 (mona) is not working. at Ashlake. I am not in that location today. But have the computer name. Can we arrange a time due to her being a check in person, will not be able to stop and allow for a remote in.",,Resolved,Low,Low,FALSE,Rick Barlow,03/18/2026 06:24:26 PM,L3,Rick Barlow,03/18/2026 09:16:43 PM,04/24/2026 08:10:12 AM,Rick Barlow,04/24/2026 08:10:12 AM,
03/19/2026 02:03:08 AM,SSPTKT-096,,Tanesha Herring,Tanesha.Herring@alignedcardio.com,(804) 203-3747,ASC - Colonial Heights,Login / Sign-in issue,User Productivity,"I HAVE BEEN LOCKED OUT OF MY COMPUTER, TRYING TO RESET MY PASSWORD.",,Resolved,Low,Low,FALSE,Monapuri Pranay,03/19/2026 02:04:18 AM,L1,,,04/24/2026 08:08:42 AM,Rick Barlow,04/24/2026 08:08:42 AM,
03/19/2026 07:44:43 PM,SSPTKT-097,,Isabelle Johnson,Isabelle.Johnson@alignedcardio.com,(571) 329-3839,NCC - Woodbridge,Application not working,User Productivity,this is 3 months now my athena will not print the upcoming  appointments for the patients nor the receipts  for payments  i have told IT  3 times now,,Resolved,Low,Low,FALSE,Sri hari,03/19/2026 07:46:17 PM,L1,,,04/24/2026 08:03:45 AM,Sri Hari,03/31/2026 12:01:20 PM,
03/19/2026 08:22:23 PM,SSPTKT-098,,Mona Berry,Mona.berry@alignedcardio.com,(804) 401-5544,JRC - Ashlake,Printer / scanner,User Productivity,ID Scanner not working,,Resolved,Medium,Low,FALSE,Rick Barlow,03/19/2026 08:28:14 PM,L1,,,04/24/2026 08:02:59 AM,Rick Barlow,04/24/2026 08:02:59 AM,
03/19/2026 09:34:27 PM,SSPTKT-099,,Shannon Taylor,Shannon.taylor@alignedcardio.com,(804) 712-9909,JRC - Emporia,Laptop / desktop issue,User Productivity,Stephanie O' Connor in Emporia is having an issue with the laptop staying on.  Can you please order another reach out to her once done.  Thanks,,Resolved,Low,Low,FALSE,Monapuri Pranay,03/20/2026 08:11:48 PM,L1,,,05/06/2026 01:48:17 AM,Monapuri Pranay,05/06/2026 01:48:17 AM,
03/19/2026 11:13:03 PM,SSPTKT-100,,Premkumar Vijayasekaran,premkumar.vijayasekaranmis@solidstatepractice.com,(979) 003-2882,Solid State Practice,,System Outage,"The system is frequently hanging while working in Excel, which is impacting my productivity. Kindly check and resolve the issue at the earliest.",,Resolved,Low,Low,FALSE,Monapuri Pranay,03/19/2026 11:39:21 PM,L1,,,03/20/2026 10:42:10 PM,Monapuri Pranay,03/20/2026 10:42:10 PM,
03/20/2026 05:28:05 PM,SSPTKT-101,,Tiffani Boyce,tiffani.boyce@alignedcardio.com,(603) 731-1645,NCC - Stafford,New software request,User Productivity,"studies are not transfering from ultrasound machine to picom again.  It is likely that the picom transfer laptop storage is full again, however, I am unable to sign onto  laptop to check the storage Getting an error message when attempting to sign onto the laptop .  restarts also dont work,","needs attention asap, disrupts daily echo tech flow and pt care.",Resolved,High,Low,TRUE,Sri hari,03/20/2026 05:33:41 PM,L1,,,04/24/2026 08:02:16 AM,Sri Hari,03/20/2026 06:43:12 PM,
03/20/2026 06:25:53 PM,SSPTKT-102,,Carolina Meyers,carolina.meyers@alignedcardio.com,(571) 456-2450,NCC - Woodbridge,License issue,User Productivity,I'm not able to access my Excel work. When I do through Microsoft it eats my progress and tells me the account is deactivated.,,Resolved,Low,Low,FALSE,Monapuri Pranay,03/20/2026 06:27:47 PM,L1,,,04/24/2026 08:01:38 AM,Monapuri Pranay,03/20/2026 10:38:35 PM,
03/20/2026 07:53:34 PM,SSPTKT-103,,Sara McFadden,sara.mcfadden@alignedcardio.com,(814) 591-3629,JRC - Colonial Heights,Laptop / desktop issue,User Productivity,A sending computer for our ultrasound machine is not receiving information from the ultrasound machine. This set up is usually in the Discover office and we had to enter the wifi password to connect to the wifi in colonial heights. Last time this happened it messed with the settings for the firewall,,Resolved,Medium,Low,TRUE,Rick Barlow,03/20/2026 07:55:31 PM,L1,,,04/24/2026 08:08:01 AM,Rick Barlow,04/24/2026 08:08:01 AM,
03/20/2026 08:08:22 PM,SSPTKT-104,,madison eastman,madison.eastman@alignedcardio.com,(989) 370-2434,JRC - Discovery,Application not working,User Productivity,I need someone clear all the data from the Pcache folder in the ScImage folder located in ProgramData. On my sending computer.,,Resolved,Low,Low,FALSE,Sri hari,03/20/2026 08:20:10 PM,L1,,,04/24/2026 08:04:21 AM,Sri Hari,03/20/2026 08:30:39 PM,
03/20/2026 09:26:03 PM,SSPTKT-105,,Saravanan Murugesan,Saravanan.Murugesan@Alignedcardio.com,(994) 431-3871,Solid State Practice,,,"Hi Team,

My laptop LAN port is not functioning properly and is causing frequent disconnections from the network.

Due to this issue, my work is getting interrupted regularly. Please do the needful.",,Resolved,Low,Low,FALSE,Sri hari,03/20/2026 10:13:49 PM,L1,,,05/26/2026 01:54:20 PM,Sri Hari,05/26/2026 01:54:20 PM,
03/23/2026 08:42:47 PM,SSPTKT-106,,morgan hamilton,morgan.hamilton@alignedcardio.com,(540) 244-1552,JRC - Ashlake,Teams / OneDrive / SharePoint access,Security / Access,"Unable to use Microsoft Word or other applications, says this account does not have a Microsoft 365 license (working from home today - if need to be in person for anything please call)",,Resolved,Low,Low,FALSE,Monapuri Pranay,03/23/2026 08:43:49 PM,L1,,,03/23/2026 10:25:36 PM,Monapuri Pranay,03/23/2026 10:25:36 PM,
03/24/2026 04:11:55 AM,SSPTKT-107,,heather prokopchak,heather.prokopchak@alignedcardio.com,(540) 354-4940,SWVC - Salem,Printer / scanner,User Productivity,document scanner not working on Rhonda Marcum's computer- in cubicle 3. Seems to want to re-install?,,Resolved,Low,Low,FALSE,Rick Barlow,03/31/2026 01:28:45 AM,L1,,,03/31/2026 01:30:12 AM,Rick Barlow,03/31/2026 01:29:48 AM,
03/24/2026 11:39:44 PM,SSPTKT-108,,Debra Neal,debra.neal@alignedcardio.com,(757) 561-2162,CH - Williamsburg,Application not working,User Productivity,CREDIT CARD MACHINE STILL NOT WORKING,,In Progress,Medium,Low,FALSE,Rick Barlow,03/24/2026 11:43:46 PM,L1,,,06/18/2026 07:13:08 AM,,,
03/25/2026 07:04:15 PM,SSPTKT-109,,Rashika Mills,rashika.mills@alignedcardio.com,(804) 335-7179,JRC - Discovery,Printer / scanner,User Productivity,unable to print from either printer,,Resolved,Low,Low,FALSE,Monapuri Pranay,03/25/2026 07:49:41 PM,L1,,,04/15/2026 04:08:11 AM,Rick Barlow,04/15/2026 04:08:11 AM,
03/25/2026 09:16:47 PM,SSPTKT-110,,Ioana Boanca,ioana.boanca@alignedcardio.com,(804) 554-0102,JRC - Discovery - AIC,Application not working,User Productivity,"Hi beautiful IT people! I was trying to edit a .doc for a patient today and our Microsoft Office 360 is deactivated, is this something you can help me with? Can you, please, provide us with a Microsoft Office desktop license? Thank you so much!",,Resolved,Low,Low,FALSE,Monapuri Pranay,03/25/2026 09:19:33 PM,L1,,,04/15/2026 04:08:59 AM,Monapuri Pranay,03/31/2026 01:24:13 AM,
03/27/2026 04:45:11 AM,SSPTKT-111,,Kaveeta Dookie,kaveeta.dookie@alignedcardio.com,(703) 656-5829,NCC - Woodbridge,Printer / scanner,User Productivity,printer is not connecting to the wifi,,Resolved,Pending,Low,FALSE,,,L1,,,03/31/2026 01:28:04 AM,Rick Barlow,03/31/2026 01:27:05 AM,
03/27/2026 09:05:40 AM,SSPTKT-112,,GokulKrishnan Kulandaivel,gokulkrishnan.kulandaivel@solidstatepractice.com,(000) 000-0000,Solid State Practice,,,Need system user profile,,Resolved,Low,Low,FALSE,Sri hari,03/30/2026 10:32:51 PM,L1,,,03/31/2026 11:59:58 AM,Sri Hari,03/31/2026 11:59:58 AM,
03/27/2026 09:15:23 AM,SSPTKT-113,,Deepika Srinivasan,deepika.srinivasan@solidstatepractice.com,(638) 282-9425,Solid State Practice,,,"system automatic restarting issue , system hang issue",,Resolved,Low,Low,FALSE,Sri hari,03/30/2026 10:33:12 PM,L1,,,03/31/2026 11:59:32 AM,Sri Hari,03/31/2026 11:59:32 AM,
03/27/2026 09:33:35 AM,SSPTKT-114,,Madhanagopal Kumarasamy,madhanagopal@solidstatepractice.com,(909) 542-5417,Solid State Practice,Not listed above,,"system storage issue,system automatically restart issue and also system freeze issue.",,Resolved,Low,Low,FALSE,Sri hari,03/30/2026 10:34:02 PM,L1,,,03/31/2026 11:59:04 AM,Sri Hari,03/31/2026 11:59:04 AM,
03/27/2026 05:04:13 PM,SSPTKT-115,,Kaveeta Dookie,kaveeta.dookie@alignedcardio.com,(703) 656-5829,NCC - Woodbridge,Printer / scanner,User Productivity,Good morning. my printer is not connecting to my wifi . in need of some assistance please .,,Resolved,High,Low,FALSE,Monapuri Pranay,03/31/2026 01:24:41 AM,L1,,,04/15/2026 04:07:42 AM,Rick Barlow,04/15/2026 04:07:42 AM,
03/27/2026 10:25:10 PM,SSPTKT-116,,Ana Valladares,ana.valladares@alignedcardio.com,(703) 507-2613,NCC - Woodbridge,Application not working,User Productivity,Raw images from nuclear studies not transferring over from camera station to the processing workstation. Contacted DIGIRAD no solution found.,Both stations are connected to network. DIGIRAD says there’s firewalls blocking from images transferring over.,Resolved,High,Low,TRUE,Rick Barlow,03/28/2026 01:29:03 AM,L1,,,04/24/2026 08:07:13 AM,Rick Barlow,04/24/2026 08:07:01 AM,
03/31/2026 12:57:06 AM,SSPTKT-117,,Isabelle Johnson,Isabelle.Johnson@alignedcardio.com,(571) 329-3839,NCC - Woodbridge,Not listed above,User Productivity,ATHENA SCREEN FREEZING AT CHECK IN & DOES NOT CHECK PATIENT IN SAYS ITS CHECKED THEM IN AND DOESNT CHECK THE 2 ND APT IT POP UP COMES UP SAYS THEY ARE CHECKED IN WHEN I GOT LOOK SAYS CHECK IN THEN 1 MIN LATER IT SAYS ARRIVED OR THEY ARE NOT CHECKED IN AGAIN,,Resolved,Medium,Low,FALSE,Monapuri Pranay,03/31/2026 01:09:31 AM,L1,,,04/24/2026 08:36:05 AM,Rick Barlow,04/24/2026 08:36:05 AM,
03/31/2026 07:07:29 PM,SSPTKT-118,,lacy gilliland,lacy.gilliland@alignedcardio.com,(804) 678-8905,JRC - Ashlake,Printer / scanner,Service Request,"My scanner has been ""updating"" install since Friday. Can we clear that out so I can scan again",,Resolved,Low,Low,FALSE,Monapuri Pranay,03/31/2026 07:08:49 PM,L1,,,04/24/2026 07:59:08 AM,Rick Barlow,04/24/2026 07:59:08 AM,
03/31/2026 08:33:58 PM,SSPTKT-119,,Sofia Mejia,sofia.mejia@alignedcardio.com,(703) 986-6398,NCC - Stafford,Malware concern,Security / Access,noticed a weird alert unsure if someone is updating our systems but figured id check with you,looks like its from microsoft intune software distribution managment. at 10:54 it attempted to install [N-able software] then at 10:57 it stated it failed installation,Resolved,Low,Low,FALSE,Monapuri Pranay,03/31/2026 08:34:50 PM,L1,,,04/24/2026 07:58:26 AM,Monapuri Pranay,03/31/2026 08:56:00 PM,
03/31/2026 10:40:35 PM,SSPTKT-120,,Mona Berry,Mona.berry@alignedcardio.com,(804) 401-5544,JRC - Ashlake,Printer / scanner,User Productivity,ID Scanner down for the last 2-3 weeks,,Resolved,Medium,Low,FALSE,Rick Barlow,03/31/2026 10:44:23 PM,L1,,,04/24/2026 07:58:01 AM,Rick Barlow,04/24/2026 07:58:01 AM,
04/01/2026 12:00:27 AM,SSPTKT-121,,Premkumar Vijayasekaran,premkumar.vijayasekaranmis@solidstatepractice.com,(979) 003-2882,Solid State Practice,,,System Hanging issue  while working with two excel files,,Resolved,Medium,Low,FALSE,Monapuri Pranay,04/01/2026 12:05:28 AM,L1,,,05/26/2026 01:55:04 PM,Sri Hari,05/26/2026 01:55:04 PM,
04/01/2026 06:27:49 PM,SSPTKT-122,,Sivakami Shanmugasundaram,sivakami@solidstatepractice.com,(443) 345-1058,ACP - Corporate,,,I Want excel for working. Share point excel is not comfortable for taking reports and working on the formulas. Not comfortable for working it taking time to work on that even filtering the sheet.,,Resolved,Low,Low,FALSE,Monapuri Pranay,04/01/2026 08:54:47 PM,L1,,,05/06/2026 01:48:43 AM,Monapuri Pranay,05/06/2026 01:48:43 AM,
04/01/2026 08:34:20 PM,SSPTKT-123,,Shannon Taylor,Shannon.taylor@alignedcardio.com,(804) 712-9909,JRC - Colonial Heights,Call Routing/IVR Issue,Service Request,Pt has called and left Vms with no return call for 2 weeks. Long hold times and no one answers Very Frustrated that his Doc hasn't been notified on medication issue. Calling from 434-532-5278 E. Dooley,,Resolved,Low,Low,FALSE,Rick Barlow,04/01/2026 08:55:49 PM,L1,,,06/18/2026 07:14:00 AM,Rick Barlow,06/18/2026 07:14:00 AM,
04/02/2026 09:14:43 PM,SSPTKT-124,,Shannon Taylor,shannon.taylor@alignedcardio.com,(804) 712-9909,JRC - Colonial Heights,Call Routing/IVR Issue,System Outage,"Email received from pt 
Good afternoon, 
   My wife, Ashley Coleman  , has been seen in Franklin Virginia for some heart issues and she’s been referred to the Colonial Heights office. I attempted to call the phone number on the website and I keep getting disconnected when I get transferred to",,Resolved,Low,Low,FALSE,Rick Barlow,04/02/2026 10:03:39 PM,L1,,,06/18/2026 07:14:51 AM,Rick Barlow,06/18/2026 07:14:51 AM,
04/03/2026 05:49:48 PM,SSPTKT-125,,Debra Neal,debra.neal@alignedcardio.com,(757) 561-2162,CH - Williamsburg,,,my credit card machine is still not working. it not connecting to the computer,,In Progress,Medium,Low,FALSE,Rick Barlow,04/03/2026 06:27:02 PM,L1,,,04/03/2026 06:27:02 PM,,,
04/03/2026 10:23:24 PM,SSPTKT-126,,James Bergman,james.bergman@alignedcardio.com,(804) 915-0046,ACP - Corporate,Password reset / MFA issue,Service Request,Please add Michael Kalson to the email group hrsupport@alignedcardio.com and remove Robin Jones.,,Resolved,Low,Low,FALSE,Monapuri Pranay,04/06/2026 05:47:47 PM,L1,,,04/13/2026 07:48:06 PM,Rick Barlow,04/13/2026 07:47:41 PM,
04/04/2026 01:29:57 AM,SSPTKT-127,,Virginia Gould,virginia.gould@alignedcardio.com,(772) 285-0180,ACP - Corporate,Login / Sign-in issue,Service Request,"Hello can you please create an email for the new physician joining Greenville Cardiology- Reza Ershadi, MD- I need this urgently to create his login for Athena. Thank you, Virginia",,Resolved,Low,Low,FALSE,Rick Barlow,04/06/2026 05:48:26 PM,L1,,,04/24/2026 08:36:43 AM,Rick Barlow,04/24/2026 08:36:43 AM,
04/06/2026 07:27:59 PM,SSPTKT-128,,lacy gilliland,lacy.gilliland@alignedcardio.com,(804) 678-8905,JRC - Ashlake,No internet,User Productivity,"Internet at AL is going in and out, my computer, among other laptops are being affected.",,Resolved,Medium,Low,FALSE,Rick Barlow,04/06/2026 07:41:22 PM,L1,,,04/13/2026 07:43:51 PM,Rick Barlow,04/13/2026 07:43:51 PM,
04/07/2026 07:46:46 PM,SSPTKT-129,,Jacob Christian,jacob.christian@alignedcardio.com,(804) 637-1611,JRC - Colonial Heights,Application not working,,Sending laptop is not connecting to internet/not able to send echo studies to picom.,,Resolved,Medium,Low,FALSE,Rick Barlow,04/07/2026 08:23:53 PM,L1,,,04/24/2026 08:38:52 AM,Rick Barlow,04/24/2026 08:38:52 AM,
04/08/2026 03:32:11 AM,SSPTKT-130,,Tiffani Boyce,tiffani.boyce@alignedcardio.com,(603) 731-1645,NCC - Stafford,Application access request,Service Request,Woodbridge nuclear laptop (name:  WOODB-STRESS) need admin privileges to add a stress report folder on the universal server so that all users logging in have access to the report folder.  will use this folder to save stress tests to be uploaded to athena.  Will be available Wednesday 4/8 after 0800,please call when ready to handle this request.  would like to speak with someone to make sure the correct needs are addressed,Resolved,Medium,Low,TRUE,Rick Barlow,04/08/2026 05:54:54 PM,L1,,,06/18/2026 07:15:48 AM,Rick Barlow,06/18/2026 07:15:48 AM,
04/08/2026 10:25:36 PM,SSPTKT-131,,Tiffani Boyce,tiffani.boyce@alignedcardio.com,(603) 731-1645,NCC - Stafford,Application not working,Service Request,"continue to have weekly connectivity issues with the Nuclear stress camera and processor.  Can not get the camera to recognize and transfer images to the processing station, therefore, we are unable to read or result these tests.  have already troubleshot with Digirad & they confirm it's internal IT",we have attempted to troubleshoot this on our end every week when we use the nuclear camera. have spend over 4 hours each of the past 2 weeks nad every week when we use the camera we encounter the same problem.  May actually require IT and digirad service to collaborate to resolve this issue.  we have been unsuccessful in resolving it fully,Resolved,High,Low,TRUE,Rick Barlow,04/13/2026 07:38:22 PM,L1,,,04/13/2026 07:40:06 PM,Rick Barlow,04/13/2026 07:40:06 PM,
04/09/2026 06:13:33 PM,SSPTKT-132,,lacy gilliland,lacy.gilliland@alignedcardio.com,(804) 678-8905,JRC - Ashlake,Other Ring Central Issue,System Outage,"Ashlake phones not working, not connecting",,Resolved,Medium,Low,FALSE,Rick Barlow,04/13/2026 07:37:46 PM,L3,Rick Barlow,04/09/2026 06:35:00 PM,04/13/2026 07:38:01 PM,Rick Barlow,04/13/2026 07:38:01 PM,
04/09/2026 07:04:46 PM,SSPTKT-133,,Jessica Juarezvillagomez,Jessica.Juarezvillagomez@alignedcardio.com,(571) 208-9525,NCC - Stafford,Application not working,User Productivity,"I do not have access to take payments or view any billing at check out, and I also don't have access to freeze slots during scheduling anymore as well.",,Resolved,Low,Low,FALSE,Rick Barlow,04/09/2026 08:03:03 PM,L1,,,04/15/2026 04:05:06 AM,Rick Barlow,04/15/2026 04:05:06 AM,
04/10/2026 07:09:05 PM,SSPTKT-134,,Paris Jones,paris.jones@alignedcardio.com,(804) 823-0280,JRC - Discovery,Hardware replacement,User Productivity,"Keyboard stopped working. When I press any key. It does not type anything. I have already changed batteries in keyboard, still did not fix the problem.",,Resolved,Low,Low,FALSE,Rick Barlow,04/10/2026 07:31:23 PM,L3,Rick Barlow,04/13/2026 06:11:26 PM,04/13/2026 07:36:59 PM,Rick Barlow,04/13/2026 07:36:40 PM,
04/11/2026 12:18:43 AM,SSPTKT-135,,Anusha Arumugam,anusha.arumugam@solidstatepractice.com,(804) 331-0423,JRC - Colonial Heights,Other Ring Central Issue,User Productivity,Head Phone issue,,Resolved,Low,Low,FALSE,Monapuri Pranay,04/11/2026 12:23:05 AM,L1,,,04/17/2026 09:25:04 PM,Monapuri Pranay,04/17/2026 09:25:04 PM,
04/13/2026 11:02:58 PM,SSPTKT-136,,Breannah Johnson,Breannah.johnson@alignedcardio.com,(804) 821-9463,JRC - Franklin,No internet,User Productivity,Internet is down at the Franklin office. They are unable to do any work at this time.,,Resolved,Medium,Low,FALSE,Rick Barlow,04/13/2026 11:07:03 PM,L1,,,04/15/2026 04:01:08 AM,Rick Barlow,04/15/2026 04:01:08 AM,
04/14/2026 06:01:28 PM,SSPTKT-137,,Paris Jones,paris.jones@alignedcardio.com,(804) 973-2388,JRC - Discovery,Network slowness,User Productivity,"I am downstairs in A-fib clinic today doing check in and out, my scanner doesn't work and the printer isn't connected to my computer or Wi-Fi, the phone is also not hooked up. This is an urgent need please and thank you!",,Resolved,Medium,Low,FALSE,Rick Barlow,04/14/2026 06:47:02 PM,L1,,,04/24/2026 08:37:22 AM,Rick Barlow,04/24/2026 08:37:22 AM,
04/15/2026 10:22:12 PM,SSPTKT-138,,Kaveeta Dookie,kaveeta.dookie@alignedcardio.com,(703) 656-5829,NCC - Woodbridge,Installation / upgrade,Service Request,"need to download picom classic client onto the desktop, but requires admin log in to download the application.  application is in download file ready for download when you are able to assist please.  laptop name is WOODBCHECKOUT2",,Resolved,Low,Low,FALSE,Monapuri Pranay,04/15/2026 10:23:42 PM,L1,,,04/24/2026 07:55:12 AM,Rick Barlow,04/24/2026 07:55:12 AM,
04/16/2026 12:26:56 AM,SSPTKT-139,,Paris Jones,paris.jones@alignedcardio.com,(804) 973-2388,JRC - Discovery,Other Ring Central Issue,User Productivity,"Hi, the phones down here in A fib won't allow me to call outside numbers so I can't reach any patients. I can receive calls because I called with my cellphone but it's saying there's no address listed or something and to contact the system administrator to change. Thank You!",,Resolved,Medium,Low,FALSE,Rick Barlow,04/16/2026 12:59:09 AM,L1,,,04/24/2026 07:54:03 AM,Rick Barlow,04/24/2026 07:54:03 AM,
04/20/2026 05:36:29 PM,SSPTKT-140,,Tiffani Boyce,tiffani.boyce@alignedcardio.com,(603) 731-1645,NCC - Woodbridge,No internet,System Outage,internet is down on 1st floor and not connecting. Neither Phone nor internet are working on 1 st floor Woodbridge Nova.  Any assistance or advice would be appreciated.  Can not process PET images without internet.  (CII-SD001EMT)  is Ana's laptop to verify wifi,,Resolved,Medium,Low,FALSE,Rick Barlow,04/20/2026 06:17:42 PM,L1,,,04/24/2026 07:52:57 AM,Rick Barlow,04/24/2026 07:52:57 AM,
04/20/2026 06:41:59 PM,SSPTKT-141,,Lindsey Copeland,lindsey.copeland@alignedcardio.com,(804) 551-3005,JRC - Discovery,Equipment request,User Productivity,One of my HP monitors broke and the screen will not turn on. Is it possible to get another monitor? Thank you!,,Resolved,Low,Low,FALSE,Rick Barlow,04/24/2026 07:47:30 AM,L1,,,04/24/2026 07:52:12 AM,Rick Barlow,04/24/2026 07:52:12 AM,
04/20/2026 07:56:37 PM,SSPTKT-142,,Mona Berry,Mona.berry@alignedcardio.com,(804) 401-5544,JRC - Ashlake,Printer / scanner,User Productivity,ID Scanner not working,,Resolved,Low,Low,FALSE,Rick Barlow,04/20/2026 08:24:22 PM,L1,,,04/24/2026 07:51:53 AM,Rick Barlow,04/24/2026 07:51:53 AM,
04/21/2026 08:15:51 PM,SSPTKT-143,,Mariafastina Joseph,mariafastina.joseph@alignedcardio.com,(908) 073-9172,Solid State Practice,,,My  Google Account was disabled by your Google Workspace administrator.,,Resolved,Low,Low,FALSE,Sri hari,04/21/2026 08:21:41 PM,L1,,,04/21/2026 08:21:56 PM,Sri Hari,04/21/2026 08:21:56 PM,
04/23/2026 05:37:28 PM,SSPTKT-144,,Lauren Reaves,lauren.reaves@alignedcardio.com,(757) 977-2010,ACP - Corporate,Not listed above,User Productivity,I work from home remote. My computer is on but staying black so I can't even clock in. You can hear the fan running the lights on keyboard come on  Please assist.,,Resolved,Medium,Low,TRUE,Rick Barlow,04/23/2026 05:48:32 PM,L1,,,04/24/2026 07:46:21 AM,Rick Barlow,04/24/2026 07:46:21 AM,
04/23/2026 06:38:10 PM,SSPTKT-145,,Tiffani Boyce,tiffani.boyce@alignedcardio.com,(603) 731-1645,NCC - Woodbridge,Login / Sign-in issue,User Productivity,"Need ekg laptop changed to general user log in settings please.  This is an ekg laptop that is used by all staff members, need general practice log in for it so that all ekgs done and saved can be seen by all users.  name of laptop is WOODBRIDGE-EKG.  call my self or 504-628-2173 x 200 for questions",,Resolved,Low,Low,FALSE,Monapuri Pranay,04/23/2026 07:38:21 PM,L1,,,04/24/2026 07:43:10 AM,Monapuri Pranay,04/23/2026 09:25:24 PM,
04/23/2026 09:05:57 PM,SSPTKT-146,,Tiffani Boyce,tiffani.boyce@alignedcardio.com,(603) 731-1645,NCC - Woodbridge,Login / Sign-in issue,User Productivity,"Need assistance again with ekg laptop (name: WOODBRIDGE-EKG) trying to have Norav assist with updates/changes needed with ekg app, but requires admin pw to make changes.  can someone log on and either 1. remove the admin restraints or 2. log us in when norav support needs admin privleges",,Resolved,Low,Low,FALSE,Monapuri Pranay,04/23/2026 09:08:17 PM,L1,,,04/24/2026 07:42:50 AM,Monapuri Pranay,04/23/2026 11:20:15 PM,
04/28/2026 05:37:28 PM,SSPTKT-147,,Lauren Reaves,lauren.reaves@alignedcardio.com,(757) 977-2010,ACP - Corporate,,,"Computer will not fully load or turn on. Even did ctrl-alt-delete to restart and it says ""restarting"" forever",,Resolved,Low,Low,FALSE,Monapuri Pranay,04/28/2026 05:47:13 PM,L1,,,04/28/2026 09:02:28 PM,Monapuri Pranay,04/28/2026 09:02:28 PM,
04/29/2026 06:12:16 PM,SSPTKT-148,,Paris Jones,paris.jones@alignedcardio.com,(804) 973-2388,JRC - Discovery,Printer / scanner,User Productivity,The back printer for the MAs in the Afib clinic is not working.,,Resolved,Low,Low,FALSE,Rick Barlow,04/29/2026 06:16:22 PM,L3,Rick Barlow,04/29/2026 06:33:56 PM,06/18/2026 07:17:08 AM,Rick Barlow,06/18/2026 07:17:08 AM,
04/29/2026 07:07:48 PM,SSPTKT-149,,Sabrina Harris,sabrina.harris@alignedcardio.com,(804) 855-4126,JRC - Colonial Heights,,,"I am trying to log in to the HCA portal and I keep getting a message of ""This site can't be reached""",,Resolved,Low,Low,FALSE,Sri hari,04/29/2026 07:09:38 PM,L1,,,04/30/2026 03:02:45 PM,Sri Hari,04/30/2026 03:02:45 PM,
04/30/2026 11:50:03 AM,SSPTKT-150,,Tamilarasi Velusamy,tamilarasi.velusamy@alignedcardio.com,(956) 644-2541,Solid State Practice,,,"I’m currently experiencing an issue with my computer mouse, as it is not functioning properly. Could you please arrange for a replacement. Thank you in advance.",,Resolved,Low,Low,FALSE,Sri hari,04/30/2026 03:02:05 PM,L1,,,05/26/2026 01:54:34 PM,Sri Hari,05/26/2026 01:54:34 PM,
04/30/2026 07:26:12 PM,SSPTKT-151,,Lacy Gilliland,lacy.gilliland@alignedcardio.com,(804) 678-8905,JRC - Ashlake,,,Internet at Ashlake is going in and out. APP complaining about not being able to stay online to chart,,Resolved,Medium,Low,FALSE,Rick Barlow,04/30/2026 07:48:09 PM,L1,,,06/18/2026 07:18:02 AM,Rick Barlow,06/18/2026 07:18:02 AM,
04/30/2026 09:26:42 PM,SSPTKT-152,,Sivakami Shanmugasundaram,sivakami.shanmugasundaram@alignedcardio.com,(443) 345-1058,Solid State Practice,,,My system has been experiencing performance issues since recently. It becomes unresponsive at times and applications take a long time to open or execute. This is impacting my productivity. Kindly check and resolve the issue at the earliest.,,Resolved,Low,Low,FALSE,Monapuri Pranay,04/30/2026 09:50:33 PM,L1,,,05/01/2026 10:23:59 PM,Monapuri Pranay,05/01/2026 10:23:59 PM,
05/01/2026 11:13:31 AM,SSPTKT-153,,Madhanagopal Kumarasamy,Madhanagopal.kumarasamy@alignedcardio.com,(909) 542-5417,Solid State Practice,Laptop / desktop issue,User Productivity,"My system is experiencing intermittent freezing and hanging, followed by sudden automatic restarts",,Resolved,Low,Low,TRUE,Monapuri Pranay,05/01/2026 03:22:08 PM,L1,,,05/01/2026 04:26:56 PM,Monapuri Pranay,05/01/2026 04:26:56 PM,
05/01/2026 10:32:40 PM,SSPTKT-154,,BJ Stepps,bj.stepps@alignedcardio.com,(252) 415-9828,HRA - Greenville,Not listed above,Service Request,One of the scanners upstairs (Arleen Ross) has a squealing noise all the time  We have tried to clean it but no success in fixing it,,Resolved,Low,Low,FALSE,Rick Barlow,05/01/2026 10:35:36 PM,L1,,,06/18/2026 07:19:43 AM,Rick Barlow,06/18/2026 07:19:43 AM,
05/06/2026 06:03:48 PM,SSPTKT-155,,Debra Neal,Debra.Neal@alignedcardio.com,(757) 561-2162,CH - Williamsburg,,,my computer will not come on,,In Progress,Low,Low,FALSE,Rick Barlow,05/06/2026 06:25:32 PM,L1,,,05/06/2026 06:25:32 PM,,,
05/07/2026 07:36:47 PM,SSPTKT-156,,Carolina Meyers,carolina.meyers@alignedcardio.com,(571) 456-2450,NCC - Woodbridge,Printer / scanner,User Productivity,"There are no printers available for me to use, all of them are offline. We had a storm last night and it may have caused the havoc. I cannot add it manually. Kaveeta who is right next to me and uses the same equipment is able to print.",,Resolved,Medium,Low,FALSE,Rick Barlow,05/07/2026 07:44:15 PM,L1,,,06/18/2026 07:20:18 AM,Rick Barlow,06/18/2026 07:20:18 AM,
05/08/2026 08:30:52 PM,SSPTKT-157,,Joy Gilley,joy.gilley@alignedcardio.com,(804) 467-4299,JRC - Discovery,,,need Chrome downloaded for Claude to work,,Resolved,Low,Low,FALSE,Sri hari,05/08/2026 08:32:05 PM,L1,,,05/12/2026 01:45:51 PM,Sri Hari,05/12/2026 01:45:51 PM,
05/08/2026 09:27:13 PM,SSPTKT-158,,Tiffani Boyce,tiffani.boyce@alignedcardio.com,(603) 731-1645,NCC - Woodbridge,,,"need to dowload PICOM classic client onto Dr Yazdni's laptop (KYAZDANI24) .  pICOM is in downloads folder waiting to be installed, but requesting admin access to install.  Please assist, however, is best to wait until 1230 as he is still seeing pts at this time",,Resolved,Low,Low,FALSE,Sri hari,05/08/2026 09:28:02 PM,L1,,,05/12/2026 01:46:05 PM,Sri Hari,05/12/2026 01:46:05 PM,
05/11/2026 07:39:48 PM,SSPTKT-159,,Leslie Moses,leslie.moses@alignedcardio.com,(804) 914-1839,ASC - Colonial Heights,Application not working,User Productivity,MacLab images not transferring to PiCom,,Resolved,Low,Low,FALSE,Rick Barlow,05/11/2026 08:49:59 PM,L3,Rick Barlow,05/11/2026 09:53:29 PM,06/18/2026 07:21:32 AM,Rick Barlow,06/18/2026 07:21:32 AM,
05/12/2026 01:13:13 PM,SSPTKT-160,,Sowmiya Balasubramanian,Sowmiya.balasubramanian@alignedcardio.COM,(000) 000-0000,Solid State Practice,Monitor / keyboard / mouse,User Productivity,MONITOR  BLUR,,Resolved,Low,Low,TRUE,Sri hari,05/12/2026 01:45:37 PM,L1,,,05/12/2026 01:46:16 PM,Sri Hari,05/12/2026 01:46:16 PM,
05/12/2026 05:37:44 PM,SSPTKT-161,,Tiffani Boyce,tiffani.boyce@alignedcardio.com,(603) 731-1645,NCC - Stafford,,,"need PICOM classic client downloaded onto desktop in Stafford office but requires admin access to download.  computer name STAFFOFFDESKTOP, picom classis client is in downloads folder ready to be downloaded",,Resolved,Low,Low,FALSE,Sri hari,05/12/2026 05:39:08 PM,L1,,,05/12/2026 05:55:41 PM,Sri Hari,05/12/2026 05:55:41 PM,
05/12/2026 08:11:13 PM,SSPTKT-162,,Olivia Walker,olivia.walker@alignedcardio.com,(804) 405-8033,JRC - Ashlake,Other Ring Central Issue,User Productivity,Ring central phone not working,,Resolved,Medium,Low,FALSE,Rick Barlow,05/14/2026 02:16:36 AM,L1,,,06/18/2026 07:23:04 AM,Rick Barlow,06/18/2026 07:23:04 AM,
05/12/2026 08:23:37 PM,SSPTKT-163,,Paris Jones,paris.jones@alignedcardio.com,(804) 973-2388,JRC - Discovery,Printer / scanner,User Productivity,"My printer is not working. It's been lagging all morning and now it's not printing at all, it says ready and has paper....",,Resolved,Medium,Low,FALSE,Rick Barlow,05/14/2026 02:16:22 AM,L1,,,06/18/2026 07:23:46 AM,Rick Barlow,06/18/2026 07:23:46 AM,
05/13/2026 06:29:33 PM,SSPTKT-164,,Meredith Loftheim,meredith.loftheim@alignedcardio.com,(804) 816-3825,ACP - Corporate,,,Will you please grant me access to RFX Solutions? It appears I do not have a log-in.,,In Progress,Medium,Low,FALSE,Rick Barlow,05/13/2026 06:31:13 PM,L1,,,05/13/2026 06:31:13 PM,,,
05/14/2026 12:51:20 AM,SSPTKT-165,,Venus Crawley,venus.crawley@alignedcardio.com,(804) 337-5887,JRC - Discovery,,,Both Printers no longer allow me to print.,,Resolved,Low,Low,FALSE,Monapuri Pranay,05/14/2026 12:52:11 AM,L1,,,05/14/2026 02:16:05 AM,Monapuri Pranay,05/14/2026 02:16:05 AM,
05/14/2026 06:20:15 PM,SSPTKT-166,,Ann Munley,ann.munley@alignedcardio.com,(540) 446-9566,JRC - Colonial Heights,,,My ultrasound images are sitting in the sending laptop and won't cross to PICOM.,,Resolved,Low,Low,FALSE,Monapuri Pranay,05/14/2026 07:42:05 PM,L1,,,05/14/2026 11:09:11 PM,Monapuri Pranay,05/14/2026 11:09:11 PM,
05/15/2026 08:42:38 AM,SSPTKT-167,,Deepika Srinivasan,Deepika.srinivasan@alignedcardio.com,(005) 462-1565,Solid State Practice,,,System user profile,,Resolved,Low,Low,FALSE,Monapuri Pranay,05/15/2026 05:42:28 PM,L1,,,05/15/2026 08:52:26 PM,Monapuri Pranay,05/15/2026 08:52:26 PM,
05/15/2026 05:54:03 PM,SSPTKT-168,,Kaveeta Dookie,kaveeta.dookie@alignedcardio.com,(703) 656-5829,NCC - Woodbridge,,,"On computer "" WOODBCHECKOUT2""   scanned doc is not showing up on computer screen. some assistance is needed please. Thank you.",,In Progress,Low,Low,FALSE,Monapuri Pranay,05/15/2026 05:55:18 PM,L1,,,05/15/2026 05:55:18 PM,,,
05/16/2026 07:25:19 AM,SSPTKT-169,,Deepika Srinivasan,Deepika.srinivasan@alignedcardio.com,(030) 169-4903,Solid State Practice,Monitor / keyboard / mouse,,keyboard not in my places and mouse sometimes these issues happen delay to log in & swipe in the system,,Resolved,Low,Low,FALSE,Sri hari,05/18/2026 05:35:31 PM,L1,,,05/26/2026 01:54:47 PM,Sri Hari,05/26/2026 01:54:47 PM,
05/18/2026 05:43:09 PM,SSPTKT-170,,Suganesh Desingh,Suganesh.desingh@alignedcardio.com,(804) 520-1764,Solid State Practice,Login / Sign-in issue,,Kindly reactivate Microsoft account to use Excel and word.,,Resolved,Low,Low,TRUE,Monapuri Pranay,05/18/2026 06:19:09 PM,L1,,,05/18/2026 06:26:02 PM,Sri Hari,05/18/2026 06:26:02 PM,
05/18/2026 07:11:09 PM,SSPTKT-171,,Mohammed Shabir Shaffi,Mohammed.shabir@alignedcardio.com,(000) 000-0000,Solid State Practice,,,system is very slow bro,,Resolved,Low,Low,FALSE,Monapuri Pranay,05/18/2026 07:11:39 PM,L1,,,05/26/2026 01:55:19 PM,Sri Hari,05/26/2026 01:55:19 PM,
05/18/2026 07:43:35 PM,SSPTKT-172,,Tiffani Boyce,tiffani.boyce@alignedcardio.com,(603) 731-1645,NCC - Stafford,Login / Sign-in issue,User Productivity,"RIck, can you help?  or have suggestions? the front desk computer in Stafford has been acting up  (STAFFORD-FRONT3).  It often won't let staff sign in. (see detailed message below)","If asking for pin, will constantly reject it saying it's incorrect when we know it to be correct.  Also, if I sign into it, then when Kristine spelman-robertson or another staff member tries to sign in later, it will reject their email and pw.  This is a daily problem with this desktop and it is impacting ability to work efficently since it does this daily.  Have you had this problem before?  any solutions or anything we should be doing on our end?  Generally I have to restart it multiple time",Resolved,Medium,Low,FALSE,Rick Barlow,05/18/2026 08:31:46 PM,L1,,,06/18/2026 07:26:44 AM,Rick Barlow,06/18/2026 07:26:44 AM,
05/18/2026 08:01:26 PM,SSPTKT-173,,Samantha Cruz,samantha.cruz@alignedcardio.com,(540) 376-5156,JRC - Ashlake,Application not working,User Productivity,studies not transferring over to picom with receiving laptop.,,Resolved,Pending,Low,FALSE,,,L1,,,05/18/2026 08:15:49 PM,Rick Barlow,05/18/2026 08:15:49 PM,
05/18/2026 08:39:12 PM,SSPTKT-174,,Chaily Cairns,Chaily.Cairns@AlignedCardio.com,(804) 721-4087,JRC - Colonial Heights,Printer / scanner,User Productivity,"**REMOTE**
Xerox B230 - I changed internet providers, printer will not let me connect to the new service provider. Also, it will not let me factory reset. It keeps coming up with a message of ""no login method configured"".",,Resolved,Medium,Low,FALSE,Rick Barlow,05/18/2026 09:11:06 PM,L3,Rick Barlow,05/19/2026 01:13:52 AM,06/18/2026 07:25:16 AM,Rick Barlow,06/18/2026 07:25:16 AM,
05/19/2026 02:11:18 PM,SSPTKT-175,,Bravin Jebakumar,Bravin.Jebakumar@alignedcardio.com,(962) 913-9997,Solid State Practice,Application not working,User Productivity,I am not able to use Outlook and Teams in my mobile phone. Can you arrange to fix the issue,,Resolved,Low,Low,FALSE,Sri hari,05/19/2026 02:11:56 PM,L2,Sri hari,05/22/2026 12:21:58 PM,05/26/2026 01:52:16 PM,Sri Hari,05/26/2026 01:52:16 PM,
05/19/2026 02:14:15 PM,SSPTKT-176,,Mohanapriya Thambiraj,Mohanapriya.Thambiraj@alignedcardio.com,(000) 000-0000,Solid State Practice,Teams / OneDrive / SharePoint access,User Productivity,"Hi Sri Hari,

Need access for below mentioned users. Please do need full.The following members do not have access for billing in SharePoint,

Gayathri
Eswaran Pandiyan
Hruthik Rathod 
Deepak 
Jegatheeswaran
Maria lincia 
Sandhya",,Resolved,Low,Low,FALSE,Sri hari,05/19/2026 02:14:33 PM,L1,,,05/26/2026 01:52:47 PM,Sri Hari,05/26/2026 01:52:47 PM,
05/19/2026 02:15:31 PM,SSPTKT-177,,Mohanapriya Thambiraj,Mohanapriya.Thambiraj@alignedcardio.com,(000) 000-0000,Solid State Practice,New software request,Service Request,"Hi Srihari,

Need Excel access for the mentioned users and file download access from Athen. Also, for reconciliation purposes using via Excel access is required.",,Resolved,Low,Low,FALSE,Sri hari,05/19/2026 02:15:46 PM,L1,,,05/26/2026 01:53:01 PM,Sri Hari,05/26/2026 01:53:01 PM,
05/19/2026 02:16:18 PM,SSPTKT-178,,Thiruselvam Sundaram,Thiruselvam.Sundaram@alignedcardio.com,(000) 000-0000,Solid State Practice,New user setup,Service Request,"Gooday Hari,

Kindly create the email Id for the new associate of our AR team.

First Name: Harikrishnan
Last Name: Dhandapani.",,Resolved,Low,Low,FALSE,Sri hari,05/19/2026 02:16:32 PM,L1,,,05/26/2026 01:53:15 PM,Sri Hari,05/26/2026 01:53:15 PM,
05/20/2026 12:17:35 PM,SSPTKT-179,,Nivesh Hauldurai,Nivesh.Hauldurai@alignedcardio.com,(861) 057-0450,Solid State Practice,,,I'm Facing Color differences in my system. Due to color differences i'm facing headache issue yesterday. Kindly check and resolve the issue. Thank you,,Resolved,Low,Low,FALSE,Sri hari,05/20/2026 09:17:19 PM,L1,,,05/26/2026 01:51:58 PM,Sri Hari,05/26/2026 01:51:58 PM,
05/21/2026 05:46:26 PM,SSPTKT-180,,Debra Neal,Debra.Neal@alignedcardio.com,(757) 561-2162,CH - Williamsburg,,,need scanner add to another computer office,,Resolved,Low,Low,FALSE,Monapuri Pranay,05/21/2026 05:47:22 PM,L1,,,05/22/2026 12:01:49 AM,Monapuri Pranay,05/22/2026 12:01:49 AM,
05/26/2026 08:48:37 AM,SSPTKT-181,,Tamilarasi Velusamy,tamilarasi.velusamy@alignedcardio.com,(956) 644-2541,Solid State Practice,,,"My left-side monitor appears blurred, so the text is not clearly visible. Kindly check and do the needful.",,Resolved,Low,Low,FALSE,Sri hari,05/26/2026 01:51:35 PM,L1,,,06/03/2026 03:27:19 PM,Sri Hari,06/03/2026 03:27:19 PM,
05/26/2026 01:58:14 PM,SSPTKT-182,,Eswaran Paindiyan,Eswaran.paindiyan@alignedcardio.com,8870975002,Solid State Practice,Laptop / desktop issue,User Productivity,The system is restarting continuously.,,Resolved,Low,Low,FALSE,Sri hari,05/26/2026 01:58:55 PM,L1,,,06/02/2026 01:32:50 PM,Sri Hari,06/02/2026 01:32:50 PM,
05/26/2026 02:16:03 PM,SSPTKT-183,,Vasanth Palanisamy,Vasanth.Palanisamy@alignedcardio.com,(638) 508-5041,Solid State Practice,,,"After the recent windows update, I encountered a BIOS error and after that I'm unable to use fingerprint and PIN login options. 

0183: Bad CRC of Security Settings in EFI variable.",,Resolved,High,Low,FALSE,Sri hari,05/26/2026 02:23:42 PM,L1,,,06/02/2026 01:32:36 PM,Sri Hari,06/02/2026 01:32:36 PM,
05/26/2026 06:53:46 PM,SSPTKT-184,,Anika Kalluri,anika.kalluri@alignedcardio.com,(804) 836-3868,JRC - Discovery,Printer / scanner,User Productivity,"Hello! Our ABI laptop will not print to any of the printers, it keeps saying they are all offline. We have tried forgetting them and adding them again but nothing seems to work. For now, we are emailing ABIs to ourselves and printing from our laptops. Thank you!",,Resolved,Low,Low,FALSE,Rick Barlow,05/27/2026 06:09:39 PM,L1,,,06/18/2026 07:09:32 AM,Rick Barlow,06/18/2026 07:09:15 AM,
06/01/2026 06:28:57 PM,SSPTKT-185,,Amber Cornelius,amber.cornelius@alignedcardio.com,(252) 317-3030,HRA - Greenville,Printer / scanner,User Productivity,I am having issues connectingmy printer to my computer to print off documents,,Resolved,Medium,Low,FALSE,Rick Barlow,06/01/2026 07:32:13 PM,L3,Rick Barlow,06/02/2026 02:12:03 AM,06/18/2026 07:08:33 AM,Rick Barlow,06/18/2026 07:08:33 AM,
06/03/2026 02:19:52 PM,SSPTKT-186,,Shrinivasan Perumal,Shrinivasan.Perumal@alignedcardio.com,(994) 467-0931,Solid State Practice,Laptop / desktop issue,System Outage,My system is running into an issue.,,Resolved,Low,Low,FALSE,Sri hari,06/11/2026 03:58:32 PM,L1,,,06/15/2026 12:02:50 PM,Sri Hari,06/15/2026 12:02:50 PM,
06/03/2026 02:21:46 PM,SSPTKT-187,,Keerthana Anandharaj,Keerthana.anandharaj@alignedcardio.com,(000) 000-0000,Solid State Practice,,,Athena issue: User ID kanandharaj. Access to Office locations needs to be provided in Athena.,,In Progress,Low,Low,FALSE,Sri hari,06/11/2026 03:58:03 PM,L1,,,06/11/2026 03:58:03 PM,,,
06/03/2026 02:23:51 PM,SSPTKT-188,,Roja Siddalingaswamy,Roja.Siddalingaswamy@alignedcardio.com,(000) 000-0000,Solid State Practice,,,Adobe license issue.,,Resolved,Low,Low,FALSE,Sri hari,06/11/2026 03:57:46 PM,L1,,,06/15/2026 12:03:11 PM,Sri Hari,06/15/2026 12:03:11 PM,
06/03/2026 04:33:40 PM,SSPTKT-189,,Gayathri Murugasan,Gayathri.Murugasan@alignedcardio.com,(770) 880-9085,Solid State Practice,,,Monitor issue,,Resolved,Low,Low,FALSE,Sri hari,06/11/2026 03:58:15 PM,L1,,,06/15/2026 12:02:32 PM,Sri Hari,06/15/2026 12:02:32 PM,
06/03/2026 06:25:17 PM,SSPTKT-190,,Tierra McCray,tierra.mccray@alignedcardio.com,(804) 436-7510,JRC - Discovery,Laptop / desktop issue,Service Request,"My computer is dated for 6/2/26 and today is 6/3/26, so it is throwing off my Athena schedule",,Resolved,Low,Low,FALSE,Monapuri Pranay,06/03/2026 06:27:10 PM,L1,,,06/18/2026 07:10:02 AM,Monapuri Pranay,06/04/2026 02:30:26 AM,
06/08/2026 05:15:42 PM,SSPTKT-191,,Lauren Reaves,lauren.reaves@alignedcardio.com,(757) 977-2010,JRC - Discovery,Laptop / desktop issue,,"I am a remote worker, the computer has been restarted twice now & it is not allowing me to connect to the internet. When I try to turn on wifi it says there was a problem & we couldnt complete this action.",,Resolved,Low,Low,FALSE,Rick Barlow,06/08/2026 05:30:28 PM,L3,Rick Barlow,06/08/2026 05:41:58 PM,06/09/2026 08:57:08 PM,Sri Hari,06/09/2026 08:57:08 PM,
06/08/2026 11:57:58 PM,SSPTKT-192,,Shannon Taylor,Shannon.taylor@alignedcardio.com,(804) 712-9909,JRC - Franklin,,,Ambir Scanner at the Front desk is not scanning. Looks like the device software needs to be updates.,,In Progress,Low,Low,FALSE,Monapuri Pranay,06/09/2026 12:54:53 AM,L1,,,06/09/2026 12:54:53 AM,,,
06/09/2026 06:15:52 PM,SSPTKT-193,,Vidya Patel,vidya.patel@alignedcardio.com,(804) 399-7277,JRC - Colonial Heights,Monitor / keyboard / mouse,User Productivity,"Good morning,
My monitor SANSUI is having issues. Its keeps on blinking in and out. Please assist. Working from home. 8904 Brennan Road, Henrico, VA 23229.
Thank you,
Vidya",,Resolved,Low,Low,FALSE,Monapuri Pranay,06/09/2026 06:17:22 PM,L1,,,06/18/2026 07:10:40 AM,Monapuri Pranay,06/10/2026 05:32:31 PM,
06/09/2026 07:13:50 PM,SSPTKT-194,,Kristine Spelman-Robertson,kristine.spelmanrobertson@alignedcardio.com,(540) 538-6260,NCC - Stafford,,,"since yesterday we have not been able to scan in the insurance cards, there is a message that keeps popping up saying if it keeps happening to notify the csc. I'm able to scan an id no problem but when I try to scan the insurance cards it stops and this is happening with both of the front office com",,Resolved,Low,Low,FALSE,Monapuri Pranay,06/09/2026 07:55:29 PM,L1,,,06/12/2026 01:45:31 AM,Monapuri Pranay,06/12/2026 01:45:31 AM,
06/09/2026 07:56:24 PM,SSPTKT-195,,Diana Staton,diana.staton@alignedcardio.com,(804) 895-2754,JRC - Ashlake,,,"Ambir Scan is not working correctly. When trying to scan IDs and Insurance Cards I am getting an ERROR MESSAGE: There was an issue with the card images. Please try again (I did this). If the problem persists, contact the CSC.",,Resolved,Low,Low,FALSE,Monapuri Pranay,06/09/2026 08:07:13 PM,L1,,,06/09/2026 08:20:11 PM,Monapuri Pranay,06/09/2026 08:20:11 PM,
06/09/2026 08:40:17 PM,SSPTKT-196,,Morgan Hamilton,morgan.hamilton@alignedcardio.com,(540) 244-1552,JRC - Ashlake,,,"When trying to access Adobe Acrobat, it said I needed to sign into my microsoft account. When I tried to log in, it asked me to use a verification code sent to my old phone number that I do not have access to anymore. Can you all please help me reset the phone number and get access to Adobe?
Thanks!",,Resolved,Low,Low,FALSE,Sri hari,06/09/2026 08:42:33 PM,L1,,,06/09/2026 08:50:15 PM,Sri Hari,06/09/2026 08:50:15 PM,
06/10/2026 11:15:22 AM,SSPTKT-197,,Silpa Murali,shilpa.murali@alignedcardio.com,(000) 000-0000,Solid State Practice,,,"Unable to use teams, as the application does not open properly. The system also shuts down automatically more than four time a day this is affecting my productivity. Also, CPU is from an older generation.  kindly look into this.",,Resolved,Low,Low,FALSE,Sri hari,06/10/2026 05:32:17 PM,L1,,,06/24/2026 01:40:49 PM,Sri Hari,06/24/2026 01:40:49 PM,
06/10/2026 11:16:24 AM,SSPTKT-198,,Narmatha Pandi,Narmatha.pandi@alignedcardio.com,(000) 000-0000,Solid State Practice,,,Unable to login the Microsoft teams,,Resolved,Low,Low,FALSE,Sri hari,06/10/2026 05:31:49 PM,L1,,,06/15/2026 12:02:20 PM,Sri Hari,06/15/2026 12:02:20 PM,
06/10/2026 06:29:18 PM,SSPTKT-199,,Kristine Spelman-Robertson,kristine.spelmanrobertson@alignedcardio.com,(540) 538-6260,NCC - Stafford,Application not working,User Productivity,"I'm still not able to scan insurance or id this morning and when the gentleman tried to help yesterday he messed with settings on the scanner as well and I haven't been able to scan in documents either since yesterday I am not able to collect copay payments this morning.
computer is STAFFORD-FRONT",,Resolved,Medium,Low,FALSE,Rick Barlow,06/10/2026 07:48:17 PM,L1,,,06/18/2026 07:07:06 AM,Rick Barlow,06/18/2026 07:07:06 AM,
06/11/2026 12:44:31 AM,SSPTKT-200,,Madison Eastman,madison.eastman@alignedcardio.com,(989) 370-2434,JRC - Discovery,,,I need someone clear all the data from the Pcache folder in the ScImage folder on my sending computer.,,Resolved,Low,Low,FALSE,Monapuri Pranay,06/11/2026 02:20:20 AM,L1,,,06/12/2026 01:45:05 AM,Monapuri Pranay,06/12/2026 01:45:05 AM,
06/11/2026 03:49:10 PM,SSPTKT-201,,Silpa Murali,shilpa.murali@alignedcardio.com,(000) 000-0000,Solid State Practice,Application not working,,"Teams issue, unable to open teams.",,Resolved,Low,Low,TRUE,Sri hari,06/11/2026 03:56:03 PM,L1,,,06/24/2026 01:38:07 PM,Sri Hari,06/24/2026 01:38:07 PM,
06/11/2026 06:04:57 PM,SSPTKT-202,,Janessa Harkley,janessa.harkley@alignedcardio.com,(252) 414-1919,HRA - Greenville,,,"New employee of Heart Rhythm Associates, and I only have access to one Dr. Ershadi and need to be able to access the other two Dr. Frazier and Dr. Harris. I also need help setting up the scanner Scansnap iX1600 to scan into Athena. Thank you in advance for your help in these matters.",,Resolved,Low,Low,FALSE,Monapuri Pranay,06/11/2026 06:13:27 PM,L1,,,06/13/2026 01:30:52 AM,Monapuri Pranay,06/13/2026 01:30:52 AM,
06/11/2026 06:10:00 PM,SSPTKT-203,,Tierra McCray,tierra.mccray@alignedcardio.com,(804) 436-7510,JRC - Discovery,,,It's been noticed that the EKG machines are a reading slightly abnormal. Is there anyone who can come and calibrate them?,,In Progress,Medium,Low,FALSE,Rick Barlow,06/11/2026 06:56:19 PM,L1,,,06/11/2026 06:56:19 PM,,,
06/12/2026 01:39:54 PM,SSPTKT-204,,Tamilarasi Velusamy,tamilarasi.velusamy@alignedcardio.com,(956) 644-2541,Solid State Practice,,,"I have already raised an IT ticket regarding the left-side monitor issue, but it remains unresolved. The display is still blurred and unclear, causing headaches while working. Kindly look into this issue and resolve it at the earliest.",,Resolved,Low,Low,FALSE,Sri hari,06/12/2026 01:42:07 PM,L1,,,06/15/2026 12:02:07 PM,Sri Hari,06/15/2026 12:02:07 PM,
06/15/2026 05:16:21 PM,SSPTKT-205,,Madison Eastman,madison.eastman@alignedcardio.com,(989) 370-2434,JRC - Discovery,No internet,User Productivity,We have no wifi here at Discovery Drive can someone please fix this for us.,,Resolved,Medium,Low,FALSE,Rick Barlow,06/15/2026 06:22:56 PM,L1,,,06/18/2026 07:05:16 AM,Rick Barlow,06/18/2026 07:05:16 AM,
06/16/2026 06:40:51 PM,SSPTKT-206,,Mohammed Shabir Shaffi,Mohammed.shabir@alignedcardio.com,(443) 345-1058,Solid State Practice,,,As my keyboard is uncomfortable to use.,,Resolved,Low,Low,FALSE,Sri hari,06/20/2026 12:11:00 AM,L1,,,06/24/2026 01:50:06 PM,Sri Hari,06/24/2026 01:50:06 PM,
06/17/2026 06:47:44 PM,SSPTKT-207,,Lauren Reaves,lauren.reaves@alignedcardio.com,(619) 573-6524,JRC - Ashlake,Printer / scanner,User Productivity,I am in need of scan snap driver downloaded.,,Resolved,Low,Low,FALSE,Monapuri Pranay,06/17/2026 07:02:53 PM,L1,,,06/18/2026 07:04:46 AM,Rick Barlow,06/18/2026 07:04:27 AM,
06/17/2026 09:22:55 PM,SSPTKT-208,,Amber Cornelius,amber.cornelius@alignedcardio.com,(252) 415-8936,HRA - Greenville,Application not working,User Productivity,My card payment reader will not turn on and I am not able to take payments,,Resolved,Medium,Low,FALSE,Rick Barlow,06/17/2026 11:00:14 PM,L1,,,06/18/2026 07:02:36 AM,Rick Barlow,06/18/2026 07:01:46 AM,
06/17/2026 10:01:13 PM,SSPTKT-209,,Emani Dowe,emani.dowe@alignedcardio.com,(703) 730-8002,PCC - Potomac,Printer / scanner,Service Request,"My scan snap scanner is not working, it says IP address not connected but everything is hooked up.",Not sure does not say error.,Resolved,Low,Low,FALSE,Monapuri Pranay,06/17/2026 11:00:47 PM,L1,,,06/18/2026 01:27:10 AM,Monapuri Pranay,06/18/2026 01:27:10 AM,
06/18/2026 09:47:23 AM,SSPTKT-210,,Tamilarasi Velusamy,tamilarasi.velusamy@alignedcardio.com,(956) 644-2541,Solid State Practice,,,"The monitor on my left side has a loose cable connection, which is causing it to frequently turn off and display a blurred image. Please check it and do the needful.",,Resolved,Low,Low,FALSE,Sri hari,06/19/2026 06:09:43 PM,L1,,,06/20/2026 12:10:07 AM,Monapuri Pranay,06/20/2026 12:10:07 AM,
06/22/2026 03:47:10 PM,SSPTKT-211,,Tamilarasi Velusamy,tamilarasi.velusamy@alignedcardio.com,(956) 644-2541,Solid State Practice,,,"Adobe Reader is not working while using the document, and the copy-and-paste options are not available.",,Resolved,Low,Low,FALSE,Sri hari,06/24/2026 01:34:43 PM,L1,,,06/24/2026 01:50:31 PM,Sri Hari,06/24/2026 01:50:31 PM,
06/22/2026 03:50:08 PM,SSPTKT-212,,Muthukumar Muthumari,Muthukumar.muthumari@alignedcardio.com,(971) 518-5227,Solid State Practice,,,pdf put name copy n paste not add excel,,Resolved,Low,Low,FALSE,Sri hari,06/24/2026 01:34:33 PM,L1,,,06/24/2026 01:50:23 PM,Sri Hari,06/24/2026 01:50:23 PM,
06/22/2026 06:58:42 PM,SSPTKT-213,,Diana Staton,diana.staton@alignedcardio.com,(804) 895-2754,JRC - Ashlake,,,Printer is not printing. When opening Print Queue it keeps saying 1 document in Queue and it will not let me cancel the job.,,Resolved,Low,Low,FALSE,Monapuri Pranay,06/22/2026 07:04:10 PM,L1,,,06/25/2026 12:14:34 AM,Monapuri Pranay,06/25/2026 12:14:34 AM,
06/22/2026 09:23:48 PM,SSPTKT-214,,Meredith Loftheim,meredith.loftheim@alignedcardio.com,(804) 816-3825,ACP - Corporate,,,"I received an error when trying to work in Adobe. ""Your request could not be completed. Adboe Acrobat license has either expired or not been activated.""",,Resolved,Low,Low,FALSE,Monapuri Pranay,06/22/2026 10:45:00 PM,L1,,,06/25/2026 12:14:20 AM,Monapuri Pranay,06/25/2026 12:14:20 AM,
06/24/2026 08:36:39 PM,SSPTKT-215,,Alexis Maitland,alexis.maitland@alignedcardio.com,(804) 894-6178,JRC - Ashlake,,,"Scanner is not working, therefore I am unable to process any orders scanned in. Scanner was working properly for about 5 mins when fixed and now not working",,In Progress,Medium,Low,FALSE,Monapuri Pranay,06/24/2026 08:38:36 PM,L1,,,06/27/2026 01:13:26 AM,,,
06/25/2026 06:51:23 PM,SSPTKT-216,,Shannon Taylor,shannon.taylor@alignedcardio.com,(804) 712-9909,JRC - Franklin,,,"New hire Tiffany Stephens is unable to access outlook email, nor sign into any laptop.  Please reach out to her manager via phone Robin Pinner. 757-653-8449",,Resolved,Low,Low,FALSE,Monapuri Pranay,06/25/2026 06:52:47 PM,L1,,,06/25/2026 09:00:20 PM,Monapuri Pranay,06/25/2026 09:00:20 PM,
06/26/2026 12:58:55 AM,SSPTKT-217,,Tierra McCray,tierra.mccray@alignedcardio.com,(804) 436-7510,JRC - Discovery,,,"Speaking with Joy as Clinical Coordinator, I need access to RingCentral",,Resolved,Low,Low,FALSE,Monapuri Pranay,06/26/2026 01:32:38 AM,L1,,,06/30/2026 09:04:53 PM,Rick Barlow,06/30/2026 09:04:53 PM,
06/26/2026 01:01:57 AM,SSPTKT-218,,Tanicia Hendricks,Tanicia.Hendricks@AlignedCardio.com,(804) 237-3086,JRC - Discovery,Add Ring Central User,,"I am no longer sitting at the MA station Teirra is there now, but all my calls still go there is there any way we can get her connected to the line at the MA station please.",,In Progress,Medium,Low,FALSE,Monapuri Pranay,06/26/2026 01:31:49 AM,L1,,,06/26/2026 01:31:49 AM,,,
06/26/2026 02:26:10 AM,SSPTKT-219,,Tanicia Hendricks,Tanicia.Hendricks@AlignedCardio.com,(804) 237-3086,JRC - Discovery,,,Can we get a hard phone placed at the front desk check out side please,,In Progress,Medium,Low,FALSE,Rick Barlow,06/27/2026 01:06:36 AM,L1,,,06/27/2026 01:06:36 AM,,,
06/29/2026 08:49:42 PM,SSPTKT-220,,Tierra McCray,tierra.mccray@alignedcardio.com,(804) 436-7510,JRC - Discovery,,,"The computer we use to do ABI's with the Quanta Flo app  wont allow us to log into the computer with setting up a PIN, then we we hit the button to set up a pin it takes us to the microsoft screen to sign into the general equipment account",,In Progress,Medium,Low,FALSE,Rick Barlow,06/29/2026 09:22:34 PM,L1,,,06/29/2026 09:22:34 PM,,,
06/29/2026 10:52:16 PM,SSPTKT-221,,Shannon Taylor,shannon.taylor@alignedcardio.com,(804) 712-9909,JRC - Franklin,,,"We are in need a new ambir scanner or fix the software for the franklin front desk.  Also we have phones that need to be install for MA and NP room.

Thanks",,In Progress,Medium,Low,FALSE,Rick Barlow,06/30/2026 09:03:16 PM,L1,,,06/30/2026 09:03:16 PM,,,
06/30/2026 05:33:42 PM,SSPTKT-222,,Dharshan Pragash,dharshan.pragash@alignedcardio.com,(975) 147-2660,Solid State Practice,,,Need a replacement of my headphones.,,Resolved,Low,Low,FALSE,Sri hari,06/30/2026 05:34:44 PM,L1,,,06/30/2026 09:08:43 PM,Sri Hari,06/30/2026 09:08:43 PM,
07/01/2026 01:56:44 AM,SSPTKT-223,,Joy Gilley,joy.gilley@alignedcardio.com,(804) 467-4299,JRC - Discovery,,,COuld you please provide access for Rythym Access to Victoria Ofori?,,In Progress,Medium,Low,FALSE,Rick Barlow,07/02/2026 05:44:20 PM,L1,,,07/02/2026 05:44:20 PM,,,
07/06/2026 06:02:05 PM,SSPTKT-224,,Isabelle Johnson,isabelle.johnson@alignedcardio.com,(703) 492-6822,NCC - Woodbridge,,,my scan snap scanner is not working,,In Progress,Medium,Low,FALSE,Monapuri Pranay,07/06/2026 06:41:45 PM,L1,,,07/06/2026 06:41:45 PM,,,
07/06/2026 07:29:50 PM,SSPTKT-225,,Tierra McCray,tierra.mccray@alignedcardio.com,(804) 436-7510,JRC - Discovery,,,The ABI computer is still asking for admin Microsoft logins,,In Progress,Medium,Low,FALSE,Rick Barlow,07/06/2026 07:31:37 PM,L1,,,07/06/2026 07:31:37 PM,,,
07/06/2026 07:45:04 PM,SSPTKT-226,,Tierra McCray,tierra.mccray@alignedcardio.com,(804) 436-7510,JRC - Discovery,,,"The actual ABI machine is not working either, the cuffs will not inflate when we hit the ""inflate"" button",,In Progress,Medium,Low,FALSE,Rick Barlow,07/06/2026 10:00:01 PM,L1,,,07/06/2026 10:00:01 PM,,,
07/07/2026 01:36:09 AM,SSPTKT-227,,Cheryl Mahn,Cheryl.Mahn@alignedcardio.com,(540) 216-4943,JRC - Discovery,,,In need of a power cord for my laptop mine has come up missing.,,In Progress,Low,Low,FALSE,Rick Barlow,07/07/2026 01:41:06 AM,L1,,,07/07/2026 01:41:06 AM,,,
07/08/2026 01:28:57 AM,SSPTKT-228,,Tierra McCray,tierra.mccray@alignedcardio.com,(804) 436-7510,JRC - Discovery,,,"I had a paper jam while scanning a document and the app has since stopped working. I also tried using a different scanner, and that was also unsuccessful.",,In Progress,Medium,Low,FALSE,Rick Barlow,07/08/2026 01:37:55 AM,L1,,,07/08/2026 01:37:55 AM,,,
07/09/2026 04:37:03 PM,SSPTKT-229,,Rohith Christopher,Rohith.christopher@alignedcardio.com,(866) 811-4175,Solid State Practice,,,SYSTEM AND WEB SITE ISSUE,,In Progress,Medium,Low,FALSE,Sri hari,07/10/2026 02:28:15 AM,L1,,,07/10/2026 02:28:15 AM,,,
07/09/2026 06:35:34 PM,SSPTKT-230,,Monapuri Pranay,Monapuri.Pranay@alignedcardio.com,(000) 000-0000,Solid State Practice,Email not working,System Outage,Testing V1.0,,Resolved,Pending,Low,TRUE,,,L1,,,07/14/2026 09:26:30 PM,Monapuri Pranay,07/14/2026 09:26:30 PM,
07/10/2026 12:56:34 AM,SSPTKT-231,,Layla Patel,layla.patel@alignedcardio.com,(804) 510-4424,JRC - Discovery,,,"My laptop is having issues where it freezes up and I am not able to click anything. And when it does work it won't let me click drop down boxes in Athena, and then it eventually freezes again. I have tried restarting it and shutting it down. I am currently on another laptop. Thanks!",,Resolved,Medium,Low,FALSE,Monapuri Pranay,07/10/2026 01:23:29 AM,L1,,,07/10/2026 06:04:47 PM,Monapuri Pranay,07/10/2026 06:04:47 PM,
07/13/2026 07:41:50 PM,SSPTKT-232,,Janessa Harkley,janessa.harkley@alignedcardio.com,(252) 714-8476,HRA - Greenville,,,Need help connecting computer to the printer upstairs.,,Resolved,Low,Low,FALSE,Monapuri Pranay,07/13/2026 07:43:35 PM,L1,,,07/13/2026 09:54:33 PM,Monapuri Pranay,07/13/2026 09:54:33 PM,
07/13/2026 08:27:10 PM,SSPTKT-233,,Joy Gilley,joy.gilley@alignedcardio.com,(804) 467-4299,JRC - Discovery,,,please provide Rythym Access to Victoria Orofi,,Resolved,Pending,Low,FALSE,,,L1,,,07/17/2026 06:14:02 PM,Monapuri Pranay,07/17/2026 06:14:02 PM,
07/15/2026 11:01:28 AM,SSPTKT-234,,Sowmiya Balasubramanian,Sowmiya.balasubramanian@alignedcardio.COM,(000) 000-0000,Solid State Practice,Laptop / desktop issue,,DESKTOP ISSUE,,Open,Pending,Low,TRUE,,,L1,,,07/15/2026 11:01:28 AM,,,
07/15/2026 06:09:45 PM,SSPTKT-235,,Abigail Teutsch,abigail.teutsch@alignedcardio.com,(845) 554-2006,JRC - Discovery,,,"ABI laptop says ""something happened and you are not able to log in using the PIN"" We don't know the email login. Thank you.",,Resolved,Medium,Low,FALSE,Monapuri Pranay,07/15/2026 06:26:00 PM,L1,,,07/15/2026 09:29:41 PM,Monapuri Pranay,07/15/2026 09:29:41 PM,
07/15/2026 08:04:17 PM,SSPTKT-236,,Amber Cornelius,amber.cornelius@alignedcardio.com,(252) 415-8936,HRA - Greenville,,,"Good Morning
I am having issues with Microsoft word finding my account. I use to have access prior to athena but now I do not have access to word which leads to me not being able to print off notes from dropbox. Is there anyway I can get access to word again",,Resolved,Medium,Low,FALSE,Monapuri Pranay,07/15/2026 08:35:32 PM,L1,,,07/24/2026 01:00:12 AM,Monapuri Pranay,07/24/2026 01:00:12 AM,
07/15/2026 11:33:08 PM,SSPTKT-237,,Olivia Walker,olivia.walker@alignedcardio.com,(804) 405-8033,JRC - Ashlake,,,"Printer is saying offline on my computer, yet printing from other people's computers. I have tried turning the printer on and off and nothing will print from my computer.",,In Progress,Medium,Low,FALSE,Monapuri Pranay,07/15/2026 11:34:13 PM,L1,,,07/15/2026 11:34:13 PM,,,
07/16/2026 09:00:41 AM,SSPTKT-238,,Tamilarasi Velusamy,tamilarasi.velusamy@alignedcardio.com,(956) 644-2541,Solid State Practice,,,I would like to request a mouse pad for my system.,,Resolved,Low,Low,FALSE,Sri hari,07/17/2026 06:13:42 PM,L1,,,07/24/2026 03:44:13 PM,Sri Hari,07/24/2026 03:43:09 PM,
07/17/2026 01:52:24 AM,SSPTKT-239,,Rebekah Toliver,rebekah.toliver@alignedcardio.com,(202) 468-9760,NCC - Woodbridge,,,"Hi, when I go to scan documents into patients charts from athena I am prompted to set up connection w/ scanner. The scanner I am using was previously connected to my laptop. Can you help me resolve this please? Thank you",,In Progress,Medium,Low,FALSE,Monapuri Pranay,07/17/2026 02:02:59 AM,L1,,,07/17/2026 02:02:59 AM,,,
07/17/2026 07:05:23 PM,SSPTKT-240,,Tanicia Hendricks,Tanicia.Hendricks@AlignedCardio.com,(804) 237-3086,JRC - Discovery,,,Versa Link printer is giving an error message may need to get serviced,,In Progress,Medium,Low,FALSE,Rick Barlow,07/17/2026 07:33:51 PM,L1,,,07/17/2026 07:33:51 PM,,,
07/17/2026 07:17:39 PM,SSPTKT-241,,Tanicia Hendricks,Tanicia.Hendricks@AlignedCardio.com,(804) 237-3086,JRC - Discovery,,,"Phone lines are crossed between the MA station1 the Front desk2.
Front desk2 ext 1270 is for Lindsey Copeland and the MA station1 ext. 1292. We are not receiving calls for front desk they are going to the MA station one",,In Progress,Medium,Low,FALSE,Rick Barlow,07/17/2026 07:33:26 PM,L1,,,07/17/2026 07:33:26 PM,,,
07/17/2026 08:10:24 PM,SSPTKT-242,,Gizelle Angeles-Delos,gizelle.angelesdelos@alignedcardio.com,(703) 730-8002,PCC - Potomac,,,PCC 2 is not working; the computer case/tower is not turning on. Tried unplugging/resetting it is plugged in to a box unit.,,In Progress,High,Low,FALSE,Rick Barlow,07/21/2026 05:57:18 PM,L1,,,07/21/2026 05:57:18 PM,,,
07/21/2026 09:10:07 PM,SSPTKT-243,,Leslie Moses,leslie.moses@alignedcardio.com,(804) 914-1839,ASC - Colonial Heights,,,"If possible, we are in need of an additional laptop to be shared amongst PRN staff. This is for documentation during procedures at the ASC.",,In Progress,Medium,Low,FALSE,Rick Barlow,07/21/2026 09:29:26 PM,L1,,,07/21/2026 09:29:26 PM,,,
07/22/2026 05:19:52 PM,SSPTKT-244,,Tamara Cairns,tamara.cairns@alignedcardio.com,(804) 362-3549,JRC - Emporia,,,"This is the response I get from Athena when I try to go to the website. Client: 73.147.138.195 Server: 162.208.25.66 Error code: 201303, Please contact the CSC for support",,Resolved,Medium,Low,FALSE,Monapuri Pranay,07/22/2026 06:49:37 PM,L1,,,07/23/2026 06:14:59 PM,Monapuri Pranay,07/23/2026 06:14:59 PM,
07/23/2026 10:53:27 PM,SSPTKT-245,,Layla Patel,layla.patel@alignedcardio.com,(804) 510-4424,JRC - Discovery,,,"My computer dropped off the ledge of the MA station and is now cracked on the left side. It is an internal crack of the LED screen and has an indigo smear of ink. I was wondering if I could get the screen replaced or another laptop as I don't want to further damage the screen. Thank you, Layla.",,In Progress,Medium,Low,FALSE,Rick Barlow,07/24/2026 02:23:12 AM,L1,,,07/24/2026 02:23:12 AM,,,
07/24/2026 02:02:01 PM,SSPTKT-246,,Srijithkumar Madhavan,Srijithkumar.Madhavan@alignedcardio.com,(995) 211-5626,Solid State Practice,Monitor / keyboard / mouse,Service Request,Need Mouse Pad,,Resolved,Low,Low,TRUE,Sri hari,07/24/2026 03:41:33 PM,L1,,,07/27/2026 08:11:41 PM,Sri Hari,07/27/2026 08:11:41 PM,
07/24/2026 02:35:37 PM,SSPTKT-247,,Silpa Murali,shilpa.murali@alignedcardio.com,(000) 000-0000,JRC - Discovery,,,Need Mouse pad,,Resolved,Low,Low,FALSE,Sri hari,07/24/2026 03:41:48 PM,L1,,,07/27/2026 08:11:25 PM,Sri Hari,07/27/2026 08:11:25 PM,
07/24/2026 02:37:10 PM,SSPTKT-248,,Jagadish Sivanandha,Jagadish.sivanadha@alignedcardio.com,(786) 881-2196,Solid State Practice,,,Need mouse pad,,In Progress,Low,Low,FALSE,Sri hari,07/24/2026 03:42:00 PM,L1,,,07/24/2026 03:42:00 PM,,,
07/24/2026 02:41:14 PM,SSPTKT-249,,Narmatha Pandi,Narmatha.pandi@alignedcardio.com,(000) 000-0000,Solid State Practice,,,need mouse pad,,In Progress,Low,Low,FALSE,Sri hari,07/24/2026 03:42:13 PM,L1,,,07/24/2026 03:42:13 PM,,,
07/24/2026 02:46:02 PM,SSPTKT-250,,Keerthana Anandharaj,Keerthana.anandharaj@alignedcardio.com,(952) 477-1874,Solid State Practice,,,NEED A MOUSE PAD,,Resolved,Low,Low,TRUE,Sri hari,07/24/2026 03:42:24 PM,L1,,,07/27/2026 08:13:06 PM,Sri Hari,07/27/2026 08:13:06 PM,
07/24/2026 04:51:41 PM,SSPTKT-251,,Balaraman Gopalakrishnan,Balaraman.gopalakrishnan@alignedcardio.com,(804) 520-1764,Solid State Practice,,,Need Mouse Pad,,In Progress,Low,Low,FALSE,Sri hari,07/25/2026 12:44:39 AM,L1,,,07/25/2026 12:44:39 AM,,,
07/24/2026 10:40:19 PM,SSPTKT-252,,Rashika Mills,Rashika.Mills@alignedcardio.com,(804) 335-7179,JRC - Discovery,,,Requesting a computer mouse please,,In Progress,Low,Low,FALSE,Rick Barlow,07/25/2026 12:23:20 AM,L1,,,07/25/2026 12:23:20 AM,,,
07/27/2026 08:10:35 AM,SSPTKT-253,,Deepika Srinivasan,Deepika.srinivasan@alignedcardio.com,(030) 169-4903,ACP - Corporate,,,"I would like to inform you that I am currently facing a system handing issue. The system is frequently getting stuck and becoming unresponsive, which is impacting my ability to perform tasks efficiently.",,Resolved,Medium,Low,FALSE,Monapuri Pranay,07/27/2026 07:05:19 PM,L1,,,07/28/2026 06:17:15 PM,Monapuri Pranay,07/28/2026 06:17:15 PM,
07/27/2026 06:50:45 PM,SSPTKT-254,,Dhivakar Rajeshkannan,Dhivakar.rajeshkannan@alignedcardio.com,(619) 573-1267,NCC - Stafford,,,I would like to report an issue with my keyboard. The  keyboard's keys are very tight. Could you please check it.,,Resolved,Low,Low,FALSE,Monapuri Pranay,07/27/2026 06:56:33 PM,L1,,,07/28/2026 06:01:01 PM,Monapuri Pranay,07/28/2026 06:01:01 PM,
07/27/2026 07:35:48 PM,SSPTKT-255,,Erin Ritz,erin.ritz@alignedcardio.com,(804) 338-4051,JRC - Discovery,,,Computer will not connect to printer,,Resolved,Medium,Low,FALSE,Monapuri Pranay,07/27/2026 07:37:14 PM,L1,,,07/31/2026 07:23:42 PM,Monapuri Pranay,07/31/2026 07:23:42 PM,
07/27/2026 09:28:42 PM,SSPTKT-256,,Sara McFadden,sara.mcfadden@alignedcardio.com,(814) 591-3629,JRC - Colonial Heights,,,"ABI computer that is under the general equipment account (general.equipment@alignedcardio.com) did an update and now it is asking for the PIN to be set up again (it was set to 176400) and they are asking for the password, but we do not have it. Could you please give me the password to reset PIN?",,Resolved,Medium,Low,FALSE,Monapuri Pranay,07/27/2026 09:36:22 PM,L1,,,07/27/2026 10:03:13 PM,Monapuri Pranay,07/27/2026 10:03:13 PM,
07/28/2026 04:24:46 PM,SSPTKT-257,,Grace Miller,grace.miller@alignedcardio.com,(703) 439-8403,JRC - Discovery,Application access request,,"unable to log into athena. after entering my username and password it is requiring a passcode from authenicator app TOTP- which I have downloaded. However, I need a QR code or token which I don't have to get the one-time passcode displayed in the app.",,In Progress,Low,Low,TRUE,Sri hari,07/28/2026 04:34:35 PM,L1,,,07/28/2026 04:34:35 PM,,,
07/28/2026 06:32:50 PM,SSPTKT-258,,Nivesh Hauldurai,Nivesh.Hauldurai@alignedcardio.com,(861) 057-0450,Solid State Practice,,,The monitor needs to be replaced due to a color display issue affecting screen quality.,,Resolved,Low,Low,FALSE,Monapuri Pranay,07/28/2026 06:33:33 PM,L1,,,07/28/2026 08:41:12 PM,Monapuri Pranay,07/28/2026 08:41:12 PM,
07/29/2026 06:32:05 PM,SSPTKT-259,,Janessa Harkley,janessa.harkley@alignedcardio.com,(252) 714-8476,HRA - Greenville,,,Missing Dr. Ershadi appointment schedule in Athena and scanner not connecting to computer.,,In Progress,Medium,Low,FALSE,Monapuri Pranay,07/31/2026 07:24:42 PM,L1,,,07/31/2026 07:24:42 PM,,,
07/30/2026 09:59:16 AM,SSPTKT-260,,Tamilarasi Chinnadurai,Tamilarasi.chinnadurai@alignedcardio.com,(909) 542-5417,Solid State Practice,,User Productivity,The system suddenly froze and became very slow.,,Resolved,Medium,Low,FALSE,Monapuri Pranay,07/31/2026 09:46:14 PM,L1,,,08/01/2026 01:27:51 AM,Monapuri Pranay,08/01/2026 01:27:51 AM,
07/30/2026 10:11:05 AM,SSPTKT-261,,Madhanagopal Kumarasamy,Madhanagopal.kumarasamy@alignedcardio.com,(909) 542-5417,Solid State Practice,,User Productivity,The system suddenly froze and became very slow,,In Progress,Medium,Low,FALSE,Sri hari,07/31/2026 09:46:30 PM,L1,,,07/31/2026 09:46:30 PM,,,
07/30/2026 09:19:53 PM,SSPTKT-262,,Joy Gilley,joy.gilley@alignedcardio.com,(804) 467-4299,JRC - Discovery,,,all documents will not allow me to scroll across the bottom,,Resolved,Medium,Low,FALSE,Monapuri Pranay,07/30/2026 10:03:26 PM,L1,,,07/31/2026 07:40:51 PM,Monapuri Pranay,07/31/2026 07:40:51 PM,
07/31/2026 09:26:15 AM,SSPTKT-263,,Govindaraj Subramaniam,Govindaraj.subramaniam@alignedcardio.com,(979) 136-3126,Solid State Practice,,,"I would like to request a mouse pad for my workstation, as I currently need one for comfortable and efficient daily use.",,In Progress,Low,Low,FALSE,Sri hari,07/31/2026 07:24:18 PM,L1,,,07/31/2026 07:24:18 PM,,,
,,,,,,,,,,,,,,,,,,,,,,,
,,,,,,,,,,,,,,,,,,,,,,,
,,,,,,,,,,,,,,,,,,,,,,,
,,,,,,,,,,,,,,,,,,,,,,,
,,,,,,,,,,,,,,,,,,,,,,,
,,,,,,,,,,,,,,,,,,,,,,,
,,,,,,,,,,,,,,,,,,,,,,,
,,,,,,,,,,,,,,,,,,,,,,,
,,,,,,,,,,,,,,,,,,,,,,,
,,,,,,,,,,,,,,,,,,,,,,,
,,,,,,,,,,,,,,,,,,,,,,,
,,,,,,,,,,,,,,,,,,,,,,,
,,,,,,,,,,,,,,,,,,,,,,,
,,,,,,,,,,,,,,,,,,,,,,,
,,,,,,,,,,,,,,,,,,,,,,,
,,,,,,,,,,,,,,,,,,,,,,,
,,,,,,,,,,,,,,,,,,,,,,,
,,,,,,,,,,,,,,,,,,,,,,,
,,,,,,,,,,,,,,,,,,,,,,,
,,,,,,,,,,,,,,,,,,,,,,,
,,,,,,,,,,,,,,,,,,,,,,,
,,,,,,,,,,,,,,,,,,,,,,,
,,,,,,,,,,,,,,,,,,,,,,,
,,,,,,,,,,,,,,,,,,,,,,,
,,,,,,,,,,,,,,,,,,,,,,,
,,,,,,,,,,,,,,,,,,,,,,,
,,,,,,,,,,,,,,,,,,,,,,,
,,,,,,,,,,,,,,,,,,,,,,,
,,,,,,,,,,,,,,,,,,,,,,,
,,,,,,,,,,,,,,,,,,,,,,,
,,,,,,,,,,,,,,,,,,,,,,,
,,,,,,,,,,,,,,,,,,,,,,,
,,,,,,,,,,,,,,,,,,,,,,,
,,,,,,,,,,,,,,,,,,,,,,,
,,,,,,,,,,,,,,,,,,,,,,,
,,,,,,,,,,,,,,,,,,,,,,,
,,,,,,,,,,,,,,,,,,,,,,,
,,,,,,,,,,,,,,,,,,,,,,,
,,,,,,,,,,,,,,,,,,,,,,,
,,,,,,,,,,,,,,,,,,,,,,,
,,,,,,,,,,,,,,,,,,,,,,,
,,,,,,,,,,,,,,,,,,,,,,,
,,,,,,,,,,,,,,,,,,,,,,,
,,,,,,,,,,,,,,,,,,,,,,,
,,,,,,,,,,,,,,,,,,,,,,,
,,,,,,,,,,,,,,,,,,,,,,,
,,,,,,,,,,,,,,,,,,,,,,,
,,,,,,,,,,,,,,,,,,,,,,,
,,,,,,,,,,,,,,,,,,,,,,,
,,,,,,,,,,,,,,,,,,,,,,,
,,,,,,,,,,,,,,,,,,,,,,,
,,,,,,,,,,,,,,,,,,,,,,,
,,,,,,,,,,,,,,,,,,,,,,,
,,,,,,,,,,,,,,,,,,,,,,,
,,,,,,,,,,,,,,,,,,,,,,,
,,,,,,,,,,,,,,,,,,,,,,,
,,,,,,,,,,,,,,,,,,,,,,,
,,,,,,,,,,,,,,,,,,,,,,,
,,,,,,,,,,,,,,,,,,,,,,,
,,,,,,,,,,,,,,,,,,,,,,,
,,,,,,,,,,,,,,,,,,,,,,,
,,,,,,,,,,,,,,,,,,,,,,,
,,,,,,,,,,,,,,,,,,,,,,,
,,,,,,,,,,,,,,,,,,,,,,,
,,,,,,,,,,,,,,,,,,,,,,,
,,,,,,,,,,,,,,,,,,,,,,,
,,,,,,,,,,,,,,,,,,,,,,,
,,,,,,,,,,,,,,,,,,,,,,,
,,,,,,,,,,,,,,,,,,,,,,,
,,,,,,,,,,,,,,,,,,,,,,,
,,,,,,,,,,,,,,,,,,,,,,,
,,,,,,,,,,,,,,,,,,,,,,,
,,,,,,,,,,,,,,,,,,,,,,,
,,,,,,,,,,,,,,,,,,,,,,,
,,,,,,,,,,,,,,,,,,,,,,,
,,,,,,,,,,,,,,,,,,,,,,,
,,,,,,,,,,,,,,,,,,,,,,,
,,,,,,,,,,,,,,,,,,,,,,,
,,,,,,,,,,,,,,,,,,,,,,,
,,,,,,,,,,,,,,,,,,,,,,,
,,,,,,,,,,,,,,,,,,,,,,,
,,,,,,,,,,,,,,,,,,,,,,,
,,,,,,,,,,,,,,,,,,,,,,,
,,,,,,,,,,,,,,,,,,,,,,,
,,,,,,,,,,,,,,,,,,,,,,,
,,,,,,,,,,,,,,,,,,,,,,,
,,,,,,,,,,,,,,,,,,,,,,,
,,,,,,,,,,,,,,,,,,,,,,,
,,,,,,,,,,,,,,,,,,,,,,,
,,,,,,,,,,,,,,,,,,,,,,,
,,,,,,,,,,,,,,,,,,,,,,,
,,,,,,,,,,,,,,,,,,,,,,,
,,,,,,,,,,,,,,,,,,,,,,,
,,,,,,,,,,,,,,,,,,,,,,,
,,,,,,,,,,,,,,,,,,,,,,,
,,,,,,,,,,,,,,,,,,,,,,,
,,,,,,,,,,,,,,,,,,,,,,,
,,,,,,,,,,,,,,,,,,,,,,,
,,,,,,,,,,,,,,,,,,,,,,,
,,,,,,,,,,,,,,,,,,,,,,,
,,,,,,,,,,,,,,,,,,,,,,,
,,,,,,,,,,,,,,,,,,,,,,,
,,,,,,,,,,,,,,,,,,,,,,,
,,,,,,,,,,,,,,,,,,,,,,,
,,,,,,,,,,,,,,,,,,,,,,,
,,,,,,,,,,,,,,,,,,,,,,,
,,,,,,,,,,,,,,,,,,,,,,,
,,,,,,,,,,,,,,,,,,,,,,,
,,,,,,,,,,,,,,,,,,,,,,,
,,,,,,,,,,,,,,,,,,,,,,,
,,,,,,,,,,,,,,,,,,,,,,,
,,,,,,,,,,,,,,,,,,,,,,,
,,,,,,,,,,,,,,,,,,,,,,,
,,,,,,,,,,,,,,,,,,,,,,,
,,,,,,,,,,,,,,,,,,,,,,,
,,,,,,,,,,,,,,,,,,,,,,,
,,,,,,,,,,,,,,,,,,,,,,,
,,,,,,,,,,,,,,,,,,,,,,,
,,,,,,,,,,,,,,,,,,,,,,,
,,,,,,,,,,,,,,,,,,,,,,,
,,,,,,,,,,,,,,,,,,,,,,,
,,,,,,,,,,,,,,,,,,,,,,,
,,,,,,,,,,,,,,,,,,,,,,,
,,,,,,,,,,,,,,,,,,,,,,,
,,,,,,,,,,,,,,,,,,,,,,,
,,,,,,,,,,,,,,,,,,,,,,,
,,,,,,,,,,,,,,,,,,,,,,,
,,,,,,,,,,,,,,,,,,,,,,,
,,,,,,,,,,,,,,,,,,,,,,,
,,,,,,,,,,,,,,,,,,,,,,,
,,,,,,,,,,,,,,,,,,,,,,,
,,,,,,,,,,,,,,,,,,,,,,,
,,,,,,,,,,,,,,,,,,,,,,,
,,,,,,,,,,,,,,,,,,,,,,,
,,,,,,,,,,,,,,,,,,,,,,,
,,,,,,,,,,,,,,,,,,,,,,,
,,,,,,,,,,,,,,,,,,,,,,,
,,,,,,,,,,,,,,,,,,,,,,,
,,,,,,,,,,,,,,,,,,,,,,,
,,,,,,,,,,,,,,,,,,,,,,,
,,,,,,,,,,,,,,,,,,,,,,,
,,,,,,,,,,,,,,,,,,,,,,,
,,,,,,,,,,,,,,,,,,,,,,,
,,,,,,,,,,,,,,,,,,,,,,,
,,,,,,,,,,,,,,,,,,,,,,,
,,,,,,,,,,,,,,,,,,,,,,,
,,,,,,,,,,,,,,,,,,,,,,,
,,,,,,,,,,,,,,,,,,,,,,,
,,,,,,,,,,,,,,,,,,,,,,,
,,,,,,,,,,,,,,,,,,,,,,,
,,,,,,,,,,,,,,,,,,,,,,,
,,,,,,,,,,,,,,,,,,,,,,,
,,,,,,,,,,,,,,,,,,,,,,,
,,,,,,,,,,,,,,,,,,,,,,,
,,,,,,,,,,,,,,,,,,,,,,,
,,,,,,,,,,,,,,,,,,,,,,,
,,,,,,,,,,,,,,,,,,,,,,,
,,,,,,,,,,,,,,,,,,,,,,,
,,,,,,,,,,,,,,,,,,,,,,,
,,,,,,,,,,,,,,,,,,,,,,,
,,,,,,,,,,,,,,,,,,,,,,,
,,,,,,,,,,,,,,,,,,,,,,,
,,,,,,,,,,,,,,,,,,,,,,,
,,,,,,,,,,,,,,,,,,,,,,,
,,,,,,,,,,,,,,,,,,,,,,,
,,,,,,,,,,,,,,,,,,,,,,,
,,,,,,,,,,,,,,,,,,,,,,,
,,,,,,,,,,,,,,,,,,,,,,,
,,,,,,,,,,,,,,,,,,,,,,,
,,,,,,,,,,,,,,,,,,,,,,,
,,,,,,,,,,,,,,,,,,,,,,,
,,,,,,,,,,,,,,,,,,,,,,,
,,,,,,,,,,,,,,,,,,,,,,,
,,,,,,,,,,,,,,,,,,,,,,,
,,,,,,,,,,,,,,,,,,,,,,,
,,,,,,,,,,,,,,,,,,,,,,,
,,,,,,,,,,,,,,,,,,,,,,,
,,,,,,,,,,,,,,,,,,,,,,,
,,,,,,,,,,,,,,,,,,,,,,,
,,,,,,,,,,,,,,,,,,,,,,,
,,,,,,,,,,,,,,,,,,,,,,,
,,,,,,,,,,,,,,,,,,,,,,,
,,,,,,,,,,,,,,,,,,,,,,,
,,,,,,,,,,,,,,,,,,,,,,,
,,,,,,,,,,,,,,,,,,,,,,,
,,,,,,,,,,,,,,,,,,,,,,,
,,,,,,,,,,,,,,,,,,,,,,,
,,,,,,,,,,,,,,,,,,,,,,,
,,,,,,,,,,,,,,,,,,,,,,,
,,,,,,,,,,,,,,,,,,,,,,,
,,,,,,,,,,,,,,,,,,,,,,,
,,,,,,,,,,,,,,,,,,,,,,,
,,,,,,,,,,,,,,,,,,,,,,,
,,,,,,,,,,,,,,,,,,,,,,,
,,,,,,,,,,,,,,,,,,,,,,,
,,,,,,,,,,,,,,,,,,,,,,,
,,,,,,,,,,,,,,,,,,,,,,,
,,,,,,,,,,,,,,,,,,,,,,,
,,,,,,,,,,,,,,,,,,,,,,,
,,,,,,,,,,,,,,,,,,,,,,,
,,,,,,,,,,,,,,,,,,,,,,,
,,,,,,,,,,,,,,,,,,,,,,,
,,,,,,,,,,,,,,,,,,,,,,,
,,,,,,,,,,,,,,,,,,,,,,,
,,,,,,,,,,,,,,,,,,,,,,,
,,,,,,,,,,,,,,,,,,,,,,,
,,,,,,,,,,,,,,,,,,,,,,,
,,,,,,,,,,,,,,,,,,,,,,,
,,,,,,,,,,,,,,,,,,,,,,,
,,,,,,,,,,,,,,,,,,,,,,,
,,,,,,,,,,,,,,,,,,,,,,,
,,,,,,,,,,,,,,,,,,,,,,,
,,,,,,,,,,,,,,,,,,,,,,,
,,,,,,,,,,,,,,,,,,,,,,,
,,,,,,,,,,,,,,,,,,,,,,,
,,,,,,,,,,,,,,,,,,,,,,,
,,,,,,,,,,,,,,,,,,,,,,,
,,,,,,,,,,,,,,,,,,,,,,,
,,,,,,,,,,,,,,,,,,,,,,,
,,,,,,,,,,,,,,,,,,,,,,,
,,,,,,,,,,,,,,,,,,,,,,,
,,,,,,,,,,,,,,,,,,,,,,,
,,,,,,,,,,,,,,,,,,,,,,,
,,,,,,,,,,,,,,,,,,,,,,,
,,,,,,,,,,,,,,,,,,,,,,,
,,,,,,,,,,,,,,,,,,,,,,,
,,,,,,,,,,,,,,,,,,,,,,,
,,,,,,,,,,,,,,,,,,,,,,,
,,,,,,,,,,,,,,,,,,,,,,,
,,,,,,,,,,,,,,,,,,,,,,,
,,,,,,,,,,,,,,,,,,,,,,,
,,,,,,,,,,,,,,,,,,,,,,,
,,,,,,,,,,,,,,,,,,,,,,,
,,,,,,,,,,,,,,,,,,,,,,,
,,,,,,,,,,,,,,,,,,,,,,,
,,,,,,,,,,,,,,,,,,,,,,,
,,,,,,,,,,,,,,,,,,,,,,,
,,,,,,,,,,,,,,,,,,,,,,,
,,,,,,,,,,,,,,,,,,,,,,,
,,,,,,,,,,,,,,,,,,,,,,,
,,,,,,,,,,,,,,,,,,,,,,,
,,,,,,,,,,,,,,,,,,,,,,,
,,,,,,,,,,,,,,,,,,,,,,,
,,,,,,,,,,,,,,,,,,,,,,,
,,,,,,,,,,,,,,,,,,,,,,,
,,,,,,,,,,,,,,,,,,,,,,,
,,,,,,,,,,,,,,,,,,,,,,,
,,,,,,,,,,,,,,,,,,,,,,,
,,,,,,,,,,,,,,,,,,,,,,,
,,,,,,,,,,,,,,,,,,,,,,,
,,,,,,,,,,,,,,,,,,,,,,,
,,,,,,,,,,,,,,,,,,,,,,,
,,,,,,,,,,,,,,,,,,,,,,,
,,,,,,,,,,,,,,,,,,,,,,,
,,,,,,,,,,,,,,,,,,,,,,,
,,,,,,,,,,,,,,,,,,,,,,,
,,,,,,,,,,,,,,,,,,,,,,,
,,,,,,,,,,,,,,,,,,,,,,,
,,,,,,,,,,,,,,,,,,,,,,,
,,,,,,,,,,,,,,,,,,,,,,,
,,,,,,,,,,,,,,,,,,,,,,,
,,,,,,,,,,,,,,,,,,,,,,,
,,,,,,,,,,,,,,,,,,,,,,,
,,,,,,,,,,,,,,,,,,,,,,,
,,,,,,,,,,,,,,,,,,,,,,,
,,,,,,,,,,,,,,,,,,,,,,,
,,,,,,,,,,,,,,,,,,,,,,,
,,,,,,,,,,,,,,,,,,,,,,,
,,,,,,,,,,,,,,,,,,,,,,,
,,,,,,,,,,,,,,,,,,,,,,,
,,,,,,,,,,,,,,,,,,,,,,,
,,,,,,,,,,,,,,,,,,,,,,,
,,,,,,,,,,,,,,,,,,,,,,,
,,,,,,,,,,,,,,,,,,,,,,,
,,,,,,,,,,,,,,,,,,,,,,,
,,,,,,,,,,,,,,,,,,,,,,,
,,,,,,,,,,,,,,,,,,,,,,,
,,,,,,,,,,,,,,,,,,,,,,,
,,,,,,,,,,,,,,,,,,,,,,,
,,,,,,,,,,,,,,,,,,,,,,,
,,,,,,,,,,,,,,,,,,,,,,,
,,,,,,,,,,,,,,,,,,,,,,,
,,,,,,,,,,,,,,,,,,,,,,,
,,,,,,,,,,,,,,,,,,,,,,,
,,,,,,,,,,,,,,,,,,,,,,,
,,,,,,,,,,,,,,,,,,,,,,,
,,,,,,,,,,,,,,,,,,,,,,,
,,,,,,,,,,,,,,,,,,,,,,,
,,,,,,,,,,,,,,,,,,,,,,,
,,,,,,,,,,,,,,,,,,,,,,,
,,,,,,,,,,,,,,,,,,,,,,,
,,,,,,,,,,,,,,,,,,,,,,,
,,,,,,,,,,,,,,,,,,,,,,,
,,,,,,,,,,,,,,,,,,,,,,,
,,,,,,,,,,,,,,,,,,,,,,,
,,,,,,,,,,,,,,,,,,,,,,,
,,,,,,,,,,,,,,,,,,,,,,,
,,,,,,,,,,,,,,,,,,,,,,,
,,,,,,,,,,,,,,,,,,,,,,,
,,,,,,,,,,,,,,,,,,,,,,,
,,,,,,,,,,,,,,,,,,,,,,,
,,,,,,,,,,,,,,,,,,,,,,,
,,,,,,,,,,,,,,,,,,,,,,,
,,,,,,,,,,,,,,,,,,,,,,,
,,,,,,,,,,,,,,,,,,,,,,,
,,,,,,,,,,,,,,,,,,,,,,,
,,,,,,,,,,,,,,,,,,,,,,,
,,,,,,,,,,,,,,,,,,,,,,,
,,,,,,,,,,,,,,,,,,,,,,,
,,,,,,,,,,,,,,,,,,,,,,,
,,,,,,,,,,,,,,,,,,,,,,,
,,,,,,,,,,,,,,,,,,,,,,,
,,,,,,,,,,,,,,,,,,,,,,,
,,,,,,,,,,,,,,,,,,,,,,,
,,,,,,,,,,,,,,,,,,,,,,,
,,,,,,,,,,,,,,,,,,,,,,,
,,,,,,,,,,,,,,,,,,,,,,,
,,,,,,,,,,,,,,,,,,,,,,,
,,,,,,,,,,,,,,,,,,,,,,,
,,,,,,,,,,,,,,,,,,,,,,,
,,,,,,,,,,,,,,,,,,,,,,,
,,,,,,,,,,,,,,,,,,,,,,,
,,,,,,,,,,,,,,,,,,,,,,,
,,,,,,,,,,,,,,,,,,,,,,,
,,,,,,,,,,,,,,,,,,,,,,,
,,,,,,,,,,,,,,,,,,,,,,,
,,,,,,,,,,,,,,,,,,,,,,,
,,,,,,,,,,,,,,,,,,,,,,,
,,,,,,,,,,,,,,,,,,,,,,,
,,,,,,,,,,,,,,,,,,,,,,,
,,,,,,,,,,,,,,,,,,,,,,,
,,,,,,,,,,,,,,,,,,,,,,,
,,,,,,,,,,,,,,,,,,,,,,,
,,,,,,,,,,,,,,,,,,,,,,,
,,,,,,,,,,,,,,,,,,,,,,,
,,,,,,,,,,,,,,,,,,,,,,,
,,,,,,,,,,,,,,,,,,,,,,,
,,,,,,,,,,,,,,,,,,,,,,,
,,,,,,,,,,,,,,,,,,,,,,,
,,,,,,,,,,,,,,,,,,,,,,,
,,,,,,,,,,,,,,,,,,,,,,,
,,,,,,,,,,,,,,,,,,,,,,,
,,,,,,,,,,,,,,,,,,,,,,,
,,,,,,,,,,,,,,,,,,,,,,,
,,,,,,,,,,,,,,,,,,,,,,,
,,,,,,,,,,,,,,,,,,,,,,,
,,,,,,,,,,,,,,,,,,,,,,,
,,,,,,,,,,,,,,,,,,,,,,,
,,,,,,,,,,,,,,,,,,,,,,,
,,,,,,,,,,,,,,,,,,,,,,,
,,,,,,,,,,,,,,,,,,,,,,,
,,,,,,,,,,,,,,,,,,,,,,,
,,,,,,,,,,,,,,,,,,,,,,,
,,,,,,,,,,,,,,,,,,,,,,,
,,,,,,,,,,,,,,,,,,,,,,,
,,,,,,,,,,,,,,,,,,,,,,,
,,,,,,,,,,,,,,,,,,,,,,,
,,,,,,,,,,,,,,,,,,,,,,,
,,,,,,,,,,,,,,,,,,,,,,,
,,,,,,,,,,,,,,,,,,,,,,,
,,,,,,,,,,,,,,,,,,,,,,,
,,,,,,,,,,,,,,,,,,,,,,,
,,,,,,,,,,,,,,,,,,,,,,,
,,,,,,,,,,,,,,,,,,,,,,,
,,,,,,,,,,,,,,,,,,,,,,,
,,,,,,,,,,,,,,,,,,,,,,,
,,,,,,,,,,,,,,,,,,,,,,,
,,,,,,,,,,,,,,,,,,,,,,,
,,,,,,,,,,,,,,,,,,,,,,,
,,,,,,,,,,,,,,,,,,,,,,,
,,,,,,,,,,,,,,,,,,,,,,,
,,,,,,,,,,,,,,,,,,,,,,,
,,,,,,,,,,,,,,,,,,,,,,,
,,,,,,,,,,,,,,,,,,,,,,,
,,,,,,,,,,,,,,,,,,,,,,,
,,,,,,,,,,,,,,,,,,,,,,,
,,,,,,,,,,,,,,,,,,,,,,,
,,,,,,,,,,,,,,,,,,,,,,,
,,,,,,,,,,,,,,,,,,,,,,,
,,,,,,,,,,,,,,,,,,,,,,,
,,,,,,,,,,,,,,,,,,,,,,,
,,,,,,,,,,,,,,,,,,,,,,,
,,,,,,,,,,,,,,,,,,,,,,,
,,,,,,,,,,,,,,,,,,,,,,,
,,,,,,,,,,,,,,,,,,,,,,,
,,,,,,,,,,,,,,,,,,,,,,,
,,,,,,,,,,,,,,,,,,,,,,,
,,,,,,,,,,,,,,,,,,,,,,,
,,,,,,,,,,,,,,,,,,,,,,,
,,,,,,,,,,,,,,,,,,,,,,,
,,,,,,,,,,,,,,,,,,,,,,,
,,,,,,,,,,,,,,,,,,,,,,,
,,,,,,,,,,,,,,,,,,,,,,,
,,,,,,,,,,,,,,,,,,,,,,,
,,,,,,,,,,,,,,,,,,,,,,,
,,,,,,,,,,,,,,,,,,,,,,,
,,,,,,,,,,,,,,,,,,,,,,,
,,,,,,,,,,,,,,,,,,,,,,,
,,,,,,,,,,,,,,,,,,,,,,,
,,,,,,,,,,,,,,,,,,,,,,,
,,,,,,,,,,,,,,,,,,,,,,,
,,,,,,,,,,,,,,,,,,,,,,,
,,,,,,,,,,,,,,,,,,,,,,,
,,,,,,,,,,,,,,,,,,,,,,,
,,,,,,,,,,,,,,,,,,,,,,,
,,,,,,,,,,,,,,,,,,,,,,,
,,,,,,,,,,,,,,,,,,,,,,,
,,,,,,,,,,,,,,,,,,,,,,,
,,,,,,,,,,,,,,,,,,,,,,,
,,,,,,,,,,,,,,,,,,,,,,,
,,,,,,,,,,,,,,,,,,,,,,,
,,,,,,,,,,,,,,,,,,,,,,,
,,,,,,,,,,,,,,,,,,,,,,,
,,,,,,,,,,,,,,,,,,,,,,,
,,,,,,,,,,,,,,,,,,,,,,,
,,,,,,,,,,,,,,,,,,,,,,,
,,,,,,,,,,,,,,,,,,,,,,,
,,,,,,,,,,,,,,,,,,,,,,,
,,,,,,,,,,,,,,,,,,,,,,,
,,,,,,,,,,,,,,,,,,,,,,,
,,,,,,,,,,,,,,,,,,,,,,,
,,,,,,,,,,,,,,,,,,,,,,,
,,,,,,,,,,,,,,,,,,,,,,,
,,,,,,,,,,,,,,,,,,,,,,,
,,,,,,,,,,,,,,,,,,,,,,,
,,,,,,,,,,,,,,,,,,,,,,,
,,,,,,,,,,,,,,,,,,,,,,,
,,,,,,,,,,,,,,,,,,,,,,,
,,,,,,,,,,,,,,,,,,,,,,,
,,,,,,,,,,,,,,,,,,,,,,,
,,,,,,,,,,,,,,,,,,,,,,,
,,,,,,,,,,,,,,,,,,,,,,,
,,,,,,,,,,,,,,,,,,,,,,,
,,,,,,,,,,,,,,,,,,,,,,,
,,,,,,,,,,,,,,,,,,,,,,,
,,,,,,,,,,,,,,,,,,,,,,,
,,,,,,,,,,,,,,,,,,,,,,,
,,,,,,,,,,,,,,,,,,,,,,,
,,,,,,,,,,,,,,,,,,,,,,,
,,,,,,,,,,,,,,,,,,,,,,,
,,,,,,,,,,,,,,,,,,,,,,,
,,,,,,,,,,,,,,,,,,,,,,,
,,,,,,,,,,,,,,,,,,,,,,,
,,,,,,,,,,,,,,,,,,,,,,,
,,,,,,,,,,,,,,,,,,,,,,,
,,,,,,,,,,,,,,,,,,,,,,,
,,,,,,,,,,,,,,,,,,,,,,,
,,,,,,,,,,,,,,,,,,,,,,,
,,,,,,,,,,,,,,,,,,,,,,,
,,,,,,,,,,,,,,,,,,,,,,,
,,,,,,,,,,,,,,,,,,,,,,,
,,,,,,,,,,,,,,,,,,,,,,,
,,,,,,,,,,,,,,,,,,,,,,,
,,,,,,,,,,,,,,,,,,,,,,,
,,,,,,,,,,,,,,,,,,,,,,,
,,,,,,,,,,,,,,,,,,,,,,,
,,,,,,,,,,,,,,,,,,,,,,,
,,,,,,,,,,,,,,,,,,,,,,,
,,,,,,,,,,,,,,,,,,,,,,,
,,,,,,,,,,,,,,,,,,,,,,,
,,,,,,,,,,,,,,,,,,,,,,,
,,,,,,,,,,,,,,,,,,,,,,,
,,,,,,,,,,,,,,,,,,,,,,,
,,,,,,,,,,,,,,,,,,,,,,,
,,,,,,,,,,,,,,,,,,,,,,,
,,,,,,,,,,,,,,,,,,,,,,,
,,,,,,,,,,,,,,,,,,,,,,,
,,,,,,,,,,,,,,,,,,,,,,,
,,,,,,,,,,,,,,,,,,,,,,,
,,,,,,,,,,,,,,,,,,,,,,,
,,,,,,,,,,,,,,,,,,,,,,,
,,,,,,,,,,,,,,,,,,,,,,,
,,,,,,,,,,,,,,,,,,,,,,,
,,,,,,,,,,,,,,,,,,,,,,,
,,,,,,,,,,,,,,,,,,,,,,,
,,,,,,,,,,,,,,,,,,,,,,,
,,,,,,,,,,,,,,,,,,,,,,,
,,,,,,,,,,,,,,,,,,,,,,,
,,,,,,,,,,,,,,,,,,,,,,,
,,,,,,,,,,,,,,,,,,,,,,,
,,,,,,,,,,,,,,,,,,,,,,,
,,,,,,,,,,,,,,,,,,,,,,,
,,,,,,,,,,,,,,,,,,,,,,,
,,,,,,,,,,,,,,,,,,,,,,,
,,,,,,,,,,,,,,,,,,,,,,,
,,,,,,,,,,,,,,,,,,,,,,,
,,,,,,,,,,,,,,,,,,,,,,,
,,,,,,,,,,,,,,,,,,,,,,,
,,,,,,,,,,,,,,,,,,,,,,,
,,,,,,,,,,,,,,,,,,,,,,,
,,,,,,,,,,,,,,,,,,,,,,,
,,,,,,,,,,,,,,,,,,,,,,,
,,,,,,,,,,,,,,,,,,,,,,,
,,,,,,,,,,,,,,,,,,,,,,,
,,,,,,,,,,,,,,,,,,,,,,,
,,,,,,,,,,,,,,,,,,,,,,,
,,,,,,,,,,,,,,,,,,,,,,,
,,,,,,,,,,,,,,,,,,,,,,,
,,,,,,,,,,,,,,,,,,,,,,,
,,,,,,,,,,,,,,,,,,,,,,,
,,,,,,,,,,,,,,,,,,,,,,,
,,,,,,,,,,,,,,,,,,,,,,,
,,,,,,,,,,,,,,,,,,,,,,,
,,,,,,,,,,,,,,,,,,,,,,,
,,,,,,,,,,,,,,,,,,,,,,,
,,,,,,,,,,,,,,,,,,,,,,,
,,,,,,,,,,,,,,,,,,,,,,,
,,,,,,,,,,,,,,,,,,,,,,,
,,,,,,,,,,,,,,,,,,,,,,,
,,,,,,,,,,,,,,,,,,,,,,,
,,,,,,,,,,,,,,,,,,,,,,,
,,,,,,,,,,,,,,,,,,,,,,,
,,,,,,,,,,,,,,,,,,,,,,,
,,,,,,,,,,,,,,,,,,,,,,,
,,,,,,,,,,,,,,,,,,,,,,,
,,,,,,,,,,,,,,,,,,,,,,,
,,,,,,,,,,,,,,,,,,,,,,,
,,,,,,,,,,,,,,,,,,,,,,,
,,,,,,,,,,,,,,,,,,,,,,,
,,,,,,,,,,,,,,,,,,,,,,,
,,,,,,,,,,,,,,,,,,,,,,,
,,,,,,,,,,,,,,,,,,,,,,,
,,,,,,,,,,,,,,,,,,,,,,,
,,,,,,,,,,,,,,,,,,,,,,,
,,,,,,,,,,,,,,,,,,,,,,,
,,,,,,,,,,,,,,,,,,,,,,,
,,,,,,,,,,,,,,,,,,,,,,,
,,,,,,,,,,,,,,,,,,,,,,,
,,,,,,,,,,,,,,,,,,,,,,,
,,,,,,,,,,,,,,,,,,,,,,,
,,,,,,,,,,,,,,,,,,,,,,,
,,,,,,,,,,,,,,,,,,,,,,,
,,,,,,,,,,,,,,,,,,,,,,,
,,,,,,,,,,,,,,,,,,,,,,,
,,,,,,,,,,,,,,,,,,,,,,,
,,,,,,,,,,,,,,,,,,,,,,,
,,,,,,,,,,,,,,,,,,,,,,,
,,,,,,,,,,,,,,,,,,,,,,,
,,,,,,,,,,,,,,,,,,,,,,,
,,,,,,,,,,,,,,,,,,,,,,,
,,,,,,,,,,,,,,,,,,,,,,,
,,,,,,,,,,,,,,,,,,,,,,,
,,,,,,,,,,,,,,,,,,,,,,,
,,,,,,,,,,,,,,,,,,,,,,,
,,,,,,,,,,,,,,,,,,,,,,,
,,,,,,,,,,,,,,,,,,,,,,,
,,,,,,,,,,,,,,,,,,,,,,,
,,,,,,,,,,,,,,,,,,,,,,,
,,,,,,,,,,,,,,,,,,,,,,,
,,,,,,,,,,,,,,,,,,,,,,,
,,,,,,,,,,,,,,,,,,,,,,,
,,,,,,,,,,,,,,,,,,,,,,,
,,,,,,,,,,,,,,,,,,,,,,,
,,,,,,,,,,,,,,,,,,,,,,,
,,,,,,,,,,,,,,,,,,,,,,,
,,,,,,,,,,,,,,,,,,,,,,,
,,,,,,,,,,,,,,,,,,,,,,,
,,,,,,,,,,,,,,,,,,,,,,,
,,,,,,,,,,,,,,,,,,,,,,,
,,,,,,,,,,,,,,,,,,,,,,,
,,,,,,,,,,,,,,,,,,,,,,,
,,,,,,,,,,,,,,,,,,,,,,,
,,,,,,,,,,,,,,,,,,,,,,,
,,,,,,,,,,,,,,,,,,,,,,,
,,,,,,,,,,,,,,,,,,,,,,,
,,,,,,,,,,,,,,,,,,,,,,,
,,,,,,,,,,,,,,,,,,,,,,,
,,,,,,,,,,,,,,,,,,,,,,,
,,,,,,,,,,,,,,,,,,,,,,,
,,,,,,,,,,,,,,,,,,,,,,,
,,,,,,,,,,,,,,,,,,,,,,,
,,,,,,,,,,,,,,,,,,,,,,,
,,,,,,,,,,,,,,,,,,,,,,,
,,,,,,,,,,,,,,,,,,,,,,,
,,,,,,,,,,,,,,,,,,,,,,,
,,,,,,,,,,,,,,,,,,,,,,,
,,,,,,,,,,,,,,,,,,,,,,,
,,,,,,,,,,,,,,,,,,,,,,,
,,,,,,,,,,,,,,,,,,,,,,,
,,,,,,,,,,,,,,,,,,,,,,,
,,,,,,,,,,,,,,,,,,,,,,,
,,,,,,,,,,,,,,,,,,,,,,,
,,,,,,,,,,,,,,,,,,,,,,,
,,,,,,,,,,,,,,,,,,,,,,,
,,,,,,,,,,,,,,,,,,,,,,,
,,,,,,,,,,,,,,,,,,,,,,,
,,,,,,,,,,,,,,,,,,,,,,,
,,,,,,,,,,,,,,,,,,,,,,,
,,,,,,,,,,,,,,,,,,,,,,,
,,,,,,,,,,,,,,,,,,,,,,,
,,,,,,,,,,,,,,,,,,,,,,,
,,,,,,,,,,,,,,,,,,,,,,,
,,,,,,,,,,,,,,,,,,,,,,,
,,,,,,,,,,,,,,,,,,,,,,,
,,,,,,,,,,,,,,,,,,,,,,,
,,,,,,,,,,,,,,,,,,,,,,,
,,,,,,,,,,,,,,,,,,,,,,,
,,,,,,,,,,,,,,,,,,,,,,,
,,,,,,,,,,,,,,,,,,,,,,,
,,,,,,,,,,,,,,,,,,,,,,,
,,,,,,,,,,,,,,,,,,,,,,,
,,,,,,,,,,,,,,,,,,,,,,,
,,,,,,,,,,,,,,,,,,,,,,,
,,,,,,,,,,,,,,,,,,,,,,,
,,,,,,,,,,,,,,,,,,,,,,,
,,,,,,,,,,,,,,,,,,,,,,,
,,,,,,,,,,,,,,,,,,,,,,,
,,,,,,,,,,,,,,,,,,,,,,,
,,,,,,,,,,,,,,,,,,,,,,,
,,,,,,,,,,,,,,,,,,,,,,,
,,,,,,,,,,,,,,,,,,,,,,,
,,,,,,,,,,,,,,,,,,,,,,,
,,,,,,,,,,,,,,,,,,,,,,,
,,,,,,,,,,,,,,,,,,,,,,,
,,,,,,,,,,,,,,,,,,,,,,,
,,,,,,,,,,,,,,,,,,,,,,,
,,,,,,,,,,,,,,,,,,,,,,,
,,,,,,,,,,,,,,,,,,,,,,,
,,,,,,,,,,,,,,,,,,,,,,,
,,,,,,,,,,,,,,,,,,,,,,,
,,,,,,,,,,,,,,,,,,,,,,,
,,,,,,,,,,,,,,,,,,,,,,,
,,,,,,,,,,,,,,,,,,,,,,,
,,,,,,,,,,,,,,,,,,,,,,,
,,,,,,,,,,,,,,,,,,,,,,,
,,,,,,,,,,,,,,,,,,,,,,,
,,,,,,,,,,,,,,,,,,,,,,,
,,,,,,,,,,,,,,,,,,,,,,,
,,,,,,,,,,,,,,,,,,,,,,,
,,,,,,,,,,,,,,,,,,,,,,,
,,,,,,,,,,,,,,,,,,,,,,,
,,,,,,,,,,,,,,,,,,,,,,,
,,,,,,,,,,,,,,,,,,,,,,,
,,,,,,,,,,,,,,,,,,,,,,,
,,,,,,,,,,,,,,,,,,,,,,,
,,,,,,,,,,,,,,,,,,,,,,,
,,,,,,,,,,,,,,,,,,,,,,,
,,,,,,,,,,,,,,,,,,,,,,,
,,,,,,,,,,,,,,,,,,,,,,,
,,,,,,,,,,,,,,,,,,,,,,,
,,,,,,,,,,,,,,,,,,,,,,,
,,,,,,,,,,,,,,,,,,,,,,,
,,,,,,,,,,,,,,,,,,,,,,,
,,,,,,,,,,,,,,,,,,,,,,,
,,,,,,,,,,,,,,,,,,,,,,,
,,,,,,,,,,,,,,,,,,,,,,,
,,,,,,,,,,,,,,,,,,,,,,,
,,,,,,,,,,,,,,,,,,,,,,,
,,,,,,,,,,,,,,,,,,,,,,,
,,,,,,,,,,,,,,,,,,,,,,,
,,,,,,,,,,,,,,,,,,,,,,,
,,,,,,,,,,,,,,,,,,,,,,,
,,,,,,,,,,,,,,,,,,,,,,,
,,,,,,,,,,,,,,,,,,,,,,,
,,,,,,,,,,,,,,,,,,,,,,,
,,,,,,,,,,,,,,,,,,,,,,,
,,,,,,,,,,,,,,,,,,,,,,,
,,,,,,,,,,,,,,,,,,,,,,,
,,,,,,,,,,,,,,,,,,,,,,,
,,,,,,,,,,,,,,,,,,,,,,,
,,,,,,,,,,,,,,,,,,,,,,,
,,,,,,,,,,,,,,,,,,,,,,,
,,,,,,,,,,,,,,,,,,,,,,,
,,,,,,,,,,,,,,,,,,,,,,,
,,,,,,,,,,,,,,,,,,,,,,,
,,,,,,,,,,,,,,,,,,,,,,,
,,,,,,,,,,,,,,,,,,,,,,,
,,,,,,,,,,,,,,,,,,,,,,,
,,,,,,,,,,,,,,,,,,,,,,,
,,,,,,,,,,,,,,,,,,,,,,,
,,,,,,,,,,,,,,,,,,,,,,,
,,,,,,,,,,,,,,,,,,,,,,,
,,,,,,,,,,,,,,,,,,,,,,,
,,,,,,,,,,,,,,,,,,,,,,,
,,,,,,,,,,,,,,,,,,,,,,,
,,,,,,,,,,,,,,,,,,,,,,,
,,,,,,,,,,,,,,,,,,,,,,,
,,,,,,,,,,,,,,,,,,,,,,,
,,,,,,,,,,,,,,,,,,,,,,,
,,,,,,,,,,,,,,,,,,,,,,,
,,,,,,,,,,,,,,,,,,,,,,,
,,,,,,,,,,,,,,,,,,,,,,,
,,,,,,,,,,,,,,,,,,,,,,,
,,,,,,,,,,,,,,,,,,,,,,,
,,,,,,,,,,,,,,,,,,,,,,,
,,,,,,,,,,,,,,,,,,,,,,,
,,,,,,,,,,,,,,,,,,,,,,,
,,,,,,,,,,,,,,,,,,,,,,,
,,,,,,,,,,,,,,,,,,,,,,,
,,,,,,,,,,,,,,,,,,,,,,,
,,,,,,,,,,,,,,,,,,,,,,,
,,,,,,,,,,,,,,,,,,,,,,,
,,,,,,,,,,,,,,,,,,,,,,,
,,,,,,,,,,,,,,,,,,,,,,,
,,,,,,,,,,,,,,,,,,,,,,,
,,,,,,,,,,,,,,,,,,,,,,,
,,,,,,,,,,,,,,,,,,,,,,,
,,,,,,,,,,,,,,,,,,,,,,,
,,,,,,,,,,,,,,,,,,,,,,,
,,,,,,,,,,,,,,,,,,,,,,,
,,,,,,,,,,,,,,,,,,,,,,,
,,,,,,,,,,,,,,,,,,,,,,,
,,,,,,,,,,,,,,,,,,,,,,,
,,,,,,,,,,,,,,,,,,,,,,,
,,,,,,,,,,,,,,,,,,,,,,,
,,,,,,,,,,,,,,,,,,,,,,,
,,,,,,,,,,,,,,,,,,,,,,,
,,,,,,,,,,,,,,,,,,,,,,,
,,,,,,,,,,,,,,,,,,,,,,,
,,,,,,,,,,,,,,,,,,,,,,,
,,,,,,,,,,,,,,,,,,,,,,,
,,,,,,,,,,,,,,,,,,,,,,,
,,,,,,,,,,,,,,,,,,,,,,,
,,,,,,,,,,,,,,,,,,,,,,,
,,,,,,,,,,,,,,,,,,,,,,,
,,,,,,,,,,,,,,,,,,,,,,,
,,,,,,,,,,,,,,,,,,,,,,,
,,,,,,,,,,,,,,,,,,,,,,,
,,,,,,,,,,,,,,,,,,,,,,,
,,,,,,,,,,,,,,,,,,,,,,,
,,,,,,,,,,,,,,,,,,,,,,,
,,,,,,,,,,,,,,,,,,,,,,,
,,,,,,,,,,,,,,,,,,,,,,,
,,,,,,,,,,,,,,,,,,,,,,,
,,,,,,,,,,,,,,,,,,,,,,,
,,,,,,,,,,,,,,,,,,,,,,,
,,,,,,,,,,,,,,,,,,,,,,,
,,,,,,,,,,,,,,,,,,,,,,,
,,,,,,,,,,,,,,,,,,,,,,,
,,,,,,,,,,,,,,,,,,,,,,,
,,,,,,,,,,,,,,,,,,,,,,,
,,,,,,,,,,,,,,,,,,,,,,,
,,,,,,,,,,,,,,,,,,,,,,,
,,,,,,,,,,,,,,,,,,,,,,,
,,,,,,,,,,,,,,,,,,,,,,,
,,,,,,,,,,,,,,,,,,,,,,,
,,,,,,,,,,,,,,,,,,,,,,,
,,,,,,,,,,,,,,,,,,,,,,,
,,,,,,,,,,,,,,,,,,,,,,,
,,,,,,,,,,,,,,,,,,,,,,,
,,,,,,,,,,,,,,,,,,,,,,,
,,,,,,,,,,,,,,,,,,,,,,,
,,,,,,,,,,,,,,,,,,,,,,,
,,,,,,,,,,,,,,,,,,,,,,,
,,,,,,,,,,,,,,,,,,,,,,,
,,,,,,,,,,,,,,,,,,,,,,,
,,,,,,,,,,,,,,,,,,,,,,,
,,,,,,,,,,,,,,,,,,,,,,,
,,,,,,,,,,,,,,,,,,,,,,,
,,,,,,,,,,,,,,,,,,,,,,,
,,,,,,,,,,,,,,,,,,,,,,,
,,,,,,,,,,,,,,,,,,,,,,,
,,,,,,,,,,,,,,,,,,,,,,,
,,,,,,,,,,,,,,,,,,,,,,,
,,,,,,,,,,,,,,,,,,,,,,,
,,,,,,,,,,,,,,,,,,,,,,,
,,,,,,,,,,,,,,,,,,,,,,,
,,,,,,,,,,,,,,,,,,,,,,,
,,,,,,,,,,,,,,,,,,,,,,,
,,,,,,,,,,,,,,,,,,,,,,,
,,,,,,,,,,,,,,,,,,,,,,,
,,,,,,,,,,,,,,,,,,,,,,,
,,,,,,,,,,,,,,,,,,,,,,,
,,,,,,,,,,,,,,,,,,,,,,,
,,,,,,,,,,,,,,,,,,,,,,,
,,,,,,,,,,,,,,,,,,,,,,,
,,,,,,,,,,,,,,,,,,,,,,,
,,,,,,,,,,,,,,,,,,,,,,,
,,,,,,,,,,,,,,,,,,,,,,,
,,,,,,,,,,,,,,,,,,,,,,,
,,,,,,,,,,,,,,,,,,,,,,,
,,,,,,,,,,,,,,,,,,,,,,,
,,,,,,,,,,,,,,,,,,,,,,,
,,,,,,,,,,,,,,,,,,,,,,,
,,,,,,,,,,,,,,,,,,,,,,,
,,,,,,,,,,,,,,,,,,,,,,,
,,,,,,,,,,,,,,,,,,,,,,,
,,,,,,,,,,,,,,,,,,,,,,,
,,,,,,,,,,,,,,,,,,,,,,,
,,,,,,,,,,,,,,,,,,,,,,,
,,,,,,,,,,,,,,,,,,,,,,,
,,,,,,,,,,,,,,,,,,,,,,,
,,,,,,,,,,,,,,,,,,,,,,,
,,,,,,,,,,,,,,,,,,,,,,,
,,,,,,,,,,,,,,,,,,,,,,,
,,,,,,,,,,,,,,,,,,,,,,,
,,,,,,,,,,,,,,,,,,,,,,,
,,,,,,,,,,,,,,,,,,,,,,,
,,,,,,,,,,,,,,,,,,,,,,,
,,,,,,,,,,,,,,,,,,,,,,,
,,,,,,,,,,,,,,,,,,,,,,,
,,,,,,,,,,,,,,,,,,,,,,,
,,,,,,,,,,,,,,,,,,,,,,,
,,,,,,,,,,,,,,,,,,,,,,,
,,,,,,,,,,,,,,,,,,,,,,,
,,,,,,,,,,,,,,,,,,,,,,,
,,,,,,,,,,,,,,,,,,,,,,,
,,,,,,,,,,,,,,,,,,,,,,,
,,,,,,,,,,,,,,,,,,,,,,,
,,,,,,,,,,,,,,,,,,,,,,,
,,,,,,,,,,,,,,,,,,,,,,,
,,,,,,,,,,,,,,,,,,,,,,,
,,,,,,,,,,,,,,,,,,,,,,,
,,,,,,,,,,,,,,,,,,,,,,,
,,,,,,,,,,,,,,,,,,,,,,,
,,,,,,,,,,,,,,,,,,,,,,,
,,,,,,,,,,,,,,,,,,,,,,,
,,,,,,,,,,,,,,,,,,,,,,,
,,,,,,,,,,,,,,,,,,,,,,,
,,,,,,,,,,,,,,,,,,,,,,,
,,,,,,,,,,,,,,,,,,,,,,,
,,,,,,,,,,,,,,,,,,,,,,,
,,,,,,,,,,,,,,,,,,,,,,,
,,,,,,,,,,,,,,,,,,,,,,,
,,,,,,,,,,,,,,,,,,,,,,,
,,,,,,,,,,,,,,,,,,,,,,,
,,,,,,,,,,,,,,,,,,,,,,,
,,,,,,,,,,,,,,,,,,,,,,,
,,,,,,,,,,,,,,,,,,,,,,,
,,,,,,,,,,,,,,,,,,,,,,,
,,,,,,,,,,,,,,,,,,,,,,,
,,,,,,,,,,,,,,,,,,,,,,,
,,,,,,,,,,,,,,,,,,,,,,,
,,,,,,,,,,,,,,,,,,,,,,,
,,,,,,,,,,,,,,,,,,,,,,,
,,,,,,,,,,,,,,,,,,,,,,,
,,,,,,,,,,,,,,,,,,,,,,,
,,,,,,,,,,,,,,,,,,,,,,,
,,,,,,,,,,,,,,,,,,,,,,,
,,,,,,,,,,,,,,,,,,,,,,,
,,,,,,,,,,,,,,,,,,,,,,,
,,,,,,,,,,,,,,,,,,,,,,,
,,,,,,,,,,,,,,,,,,,,,,,
,,,,,,,,,,,,,,,,,,,,,,,
,,,,,,,,,,,,,,,,,,,,,,,
,,,,,,,,,,,,,,,,,,,,,,,
,,,,,,,,,,,,,,,,,,,,,,,
,,,,,,,,,,,,,,,,,,,,,,,
,,,,,,,,,,,,,,,,,,,,,,,
,,,,,,,,,,,,,,,,,,,,,,,
,,,,,,,,,,,,,,,,,,,,,,,
,,,,,,,,,,,,,,,,,,,,,,,
,,,,,,,,,,,,,,,,,,,,,,,
,,,,,,,,,,,,,,,,,,,,,,,
,,,,,,,,,,,,,,,,,,,,,,,
,,,,,,,,,,,,,,,,,,,,,,,
,,,,,,,,,,,,,,,,,,,,,,,
,,,,,,,,,,,,,,,,,,,,,,,
,,,,,,,,,,,,,,,,,,,,,,,
,,,,,,,,,,,,,,,,,,,,,,,
,,,,,,,,,,,,,,,,,,,,,,,
,,,,,,,,,,,,,,,,,,,,,,,
,,,,,,,,,,,,,,,,,,,,,,,
,,,,,,,,,,,,,,,,,,,,,,,
,,,,,,,,,,,,,,,,,,,,,,,
,,,,,,,,,,,,,,,,,,,,,,,
,,,,,,,,,,,,,,,,,,,,,,,
,,,,,,,,,,,,,,,,,,,,,,,
,,,,,,,,,,,,,,,,,,,,,,,
,,,,,,,,,,,,,,,,,,,,,,,
,,,,,,,,,,,,,,,,,,,,,,,
,,,,,,,,,,,,,,,,,,,,,,,
,,,,,,,,,,,,,,,,,,,,,,,
,,,,,,,,,,,,,,,,,,,,,,,
,,,,,,,,,,,,,,,,,,,,,,,
,,,,,,,,,,,,,,,,,,,,,,,
,,,,,,,,,,,,,,,,,,,,,,,
,,,,,,,,,,,,,,,,,,,,,,,
,,,,,,,,,,,,,,,,,,,,,,,
,,,,,,,,,,,,,,,,,,,,,,,
,,,,,,,,,,,,,,,,,,,,,,,
,,,,,,,,,,,,,,,,,,,,,,,
,,,,,,,,,,,,,,,,,,,,,,,
,,,,,,,,,,,,,,,,,,,,,,,
,,,,,,,,,,,,,,,,,,,,,,,
,,,,,,,,,,,,,,,,,,,,,,,
,,,,,,,,,,,,,,,,,,,,,,,
,,,,,,,,,,,,,,,,,,,,,,,
,,,,,,,,,,,,,,,,,,,,,,,
,,,,,,,,,,,,,,,,,,,,,,,
,,,,,,,,,,,,,,,,,,,,,,,
,,,,,,,,,,,,,,,,,,,,,,,
,,,,,,,,,,,,,,,,,,,,,,,
,,,,,,,,,,,,,,,,,,,,,,,
,,,,,,,,,,,,,,,,,,,,,,,
,,,,,,,,,,,,,,,,,,,,,,,
,,,,,,,,,,,,,,,,,,,,,,,
,,,,,,,,,,,,,,,,,,,,,,,
,,,,,,,,,,,,,,,,,,,,,,,
,,,,,,,,,,,,,,,,,,,,,,,
,,,,,,,,,,,,,,,,,,,,,,,
,,,,,,,,,,,,,,,,,,,,,,,
,,,,,,,,,,,,,,,,,,,,,,,
,,,,,,,,,,,,,,,,,,,,,,,
,,,,,,,,,,,,,,,,,,,,,,,
,,,,,,,,,,,,,,,,,,,,,,,
,,,,,,,,,,,,,,,,,,,,,,,
,,,,,,,,,,,,,,,,,,,,,,,
,,,,,,,,,,,,,,,,,,,,,,,
,,,,,,,,,,,,,,,,,,,,,,,
,,,,,,,,,,,,,,,,,,,,,,,
,,,,,,,,,,,,,,,,,,,,,,,
,,,,,,,,,,,,,,,,,,,,,,,
,,,,,,,,,,,,,,,,,,,,,,,
,,,,,,,,,,,,,,,,,,,,,,,
,,,,,,,,,,,,,,,,,,,,,,,
,,,,,,,,,,,,,,,,,,,,,,,
,,,,,,,,,,,,,,,,,,,,,,,
,,,,,,,,,,,,,,,,,,,,,,,
,,,,,,,,,,,,,,,,,,,,,,,
,,,,,,,,,,,,,,,,,,,,,,,
,,,,,,,,,,,,,,,,,,,,,,,
,,,,,,,,,,,,,,,,,,,,,,,
,,,,,,,,,,,,,,,,,,,,,,,
,,,,,,,,,,,,,,,,,,,,,,,
,,,,,,,,,,,,,,,,,,,,,,,
,,,,,,,,,,,,,,,,,,,,,,,
,,,,,,,,,,,,,,,,,,,,,,,
,,,,,,,,,,,,,,,,,,,,,,,
,,,,,,,,,,,,,,,,,,,,,,,
,,,,,,,,,,,,,,,,,,,,,,,
,,,,,,,,,,,,,,,,,,,,,,,
,,,,,,,,,,,,,,,,,,,,,,,
,,,,,,,,,,,,,,,,,,,,,,,
,,,,,,,,,,,,,,,,,,,,,,,
,,,,,,,,,,,,,,,,,,,,,,,
,,,,,,,,,,,,,,,,,,,,,,,
,,,,,,,,,,,,,,,,,,,,,,,
,,,,,,,,,,,,,,,,,,,,,,,
,,,,,,,,,,,,,,,,,,,,,,,
,,,,,,,,,,,,,,,,,,,,,,,
,,,,,,,,,,,,,,,,,,,,,,,
,,,,,,,,,,,,,,,,,,,,,,,
,,,,,,,,,,,,,,,,,,,,,,,
,,,,,,,,,,,,,,,,,,,,,,,
,,,,,,,,,,,,,,,,,,,,,,,
,,,,,,,,,,,,,,,,,,,,,,,
,,,,,,,,,,,,,,,,,,,,,,,
,,,,,,,,,,,,,,,,,,,,,,,
,,,,,,,,,,,,,,,,,,,,,,,
,,,,,,,,,,,,,,,,,,,,,,,
,,,,,,,,,,,,,,,,,,,,,,,
,,,,,,,,,,,,,,,,,,,,,,,
,,,,,,,,,,,,,,,,,,,,,,,
,,,,,,,,,,,,,,,,,,,,,,,
,,,,,,,,,,,,,,,,,,,,,,,
,,,,,,,,,,,,,,,,,,,,,,,
,,,,,,,,,,,,,,,,,,,,,,,
,,,,,,,,,,,,,,,,,,,,,,,
,,,,,,,,,,,,,,,,,,,,,,,
,,,,,,,,,,,,,,,,,,,,,,,
,,,,,,,,,,,,,,,,,,,,,,,
,,,,,,,,,,,,,,,,,,,,,,,
,,,,,,,,,,,,,,,,,,,,,,,
,,,,,,,,,,,,,,,,,,,,,,,
,,,,,,,,,,,,,,,,,,,,,,,
,,,,,,,,,,,,,,,,,,,,,,,
,,,,,,,,,,,,,,,,,,,,,,,
,,,,,,,,,,,,,,,,,,,,,,,
,,,,,,,,,,,,,,,,,,,,,,,
,,,,,,,,,,,,,,,,,,,,,,,
,,,,,,,,,,,,,,,,,,,,,,,
,,,,,,,,,,,,,,,,,,,,,,,
,,,,,,,,,,,,,,,,,,,,,,,
,,,,,,,,,,,,,,,,,,,,,,,
,,,,,,,,,,,,,,,,,,,,,,,
,,,,,,,,,,,,,,,,,,,,,,,
,,,,,,,,,,,,,,,,,,,,,,,
,,,,,,,,,,,,,,,,,,,,,,,
,,,,,,,,,,,,,,,,,,,,,,,
,,,,,,,,,,,,,,,,,,,,,,,
,,,,,,,,,,,,,,,,,,,,,,,
,,,,,,,,,,,,,,,,,,,,,,,
,,,,,,,,,,,,,,,,,,,,,,,
,,,,,,,,,,,,,,,,,,,,,,,
,,,,,,,,,,,,,,,,,,,,,,,
,,,,,,,,,,,,,,,,,,,,,,,
,,,,,,,,,,,,,,,,,,,,,,,
,,,,,,,,,,,,,,,,,,,,,,,
,,,,,,,,,,,,,,,,,,,,,,,
,,,,,,,,,,,,,,,,,,,,,,,
,,,,,,,,,,,,,,,,,,,,,,,
,,,,,,,,,,,,,,,,,,,,,,,
,,,,,,,,,,,,,,,,,,,,,,,
,,,,,,,,,,,,,,,,,,,,,,,
,,,,,,,,,,,,,,,,,,,,,,,
,,,,,,,,,,,,,,,,,,,,,,,
,,,,,,,,,,,,,,,,,,,,,,,
,,,,,,,,,,,,,,,,,,,,,,,
,,,,,,,,,,,,,,,,,,,,,,,
,,,,,,,,,,,,,,,,,,,,,,,
,,,,,,,,,,,,,,,,,,,,,,,
,,,,,,,,,,,,,,,,,,,,,,,
,,,,,,,,,,,,,,,,,,,,,,,
,,,,,,,,,,,,,,,,,,,,,,,
,,,,,,,,,,,,,,,,,,,,,,,
,,,,,,,,,,,,,,,,,,,,,,,
,,,,,,,,,,,,,,,,,,,,,,,
,,,,,,,,,,,,,,,,,,,,,,,
,,,,,,,,,,,,,,,,,,,,,,,
,,,,,,,,,,,,,,,,,,,,,,,
,,,,,,,,,,,,,,,,,,,,,,,
,,,,,,,,,,,,,,,,,,,,,,,
,,,,,,,,,,,,,,,,,,,,,,,
,,,,,,,,,,,,,,,,,,,,,,,
,,,,,,,,,,,,,,,,,,,,,,,
,,,,,,,,,,,,,,,,,,,,,,,
,,,,,,,,,,,,,,,,,,,,,,,
,,,,,,,,,,,,,,,,,,,,,,,
,,,,,,,,,,,,,,,,,,,,,,,
,,,,,,,,,,,,,,,,,,,,,,,
,,,,,,,,,,,,,,,,,,,,,,,
,,,,,,,,,,,,,,,,,,,,,,,
,,,,,,,,,,,,,,,,,,,,,,,
,,,,,,,,,,,,,,,,,,,,,,,
,,,,,,,,,,,,,,,,,,,,,,,
,,,,,,,,,,,,,,,,,,,,,,,
,,,,,,,,,,,,,,,,,,,,,,,
,,,,,,,,,,,,,,,,,,,,,,,
,,,,,,,,,,,,,,,,,,,,,,,
,,,,,,,,,,,,,,,,,,,,,,,
,,,,,,,,,,,,,,,,,,,,,,,
,,,,,,,,,,,,,,,,,,,,,,,
,,,,,,,,,,,,,,,,,,,,,,,
,,,,,,,,,,,,,,,,,,,,,,,
,,,,,,,,,,,,,,,,,,,,,,,
,,,,,,,,,,,,,,,,,,,,,,,
,,,,,,,,,,,,,,,,,,,,,,,
,,,,,,,,,,,,,,,,,,,,,,,
,,,,,,,,,,,,,,,,,,,,,,,
,,,,,,,,,,,,,,,,,,,,,,,
,,,,,,,,,,,,,,,,,,,,,,,
,,,,,,,,,,,,,,,,,,,,,,,
,,,,,,,,,,,,,,,,,,,,,,,
,,,,,,,,,,,,,,,,,,,,,,,
,,,,,,,,,,,,,,,,,,,,,,,
,,,,,,,,,,,,,,,,,,,,,,,
,,,,,,,,,,,,,,,,,,,,,,,
,,,,,,,,,,,,,,,,,,,,,,,
,,,,,,,,,,,,,,,,,,,,,,,
,,,,,,,,,,,,,,,,,,,,,,,
,,,,,,,,,,,,,,,,,,,,,,,
,,,,,,,,,,,,,,,,,,,,,,,
,,,,,,,,,,,,,,,,,,,,,,,
,,,,,,,,,,,,,,,,,,,,,,,
,,,,,,,,,,,,,,,,,,,,,,,
,,,,,,,,,,,,,,,,,,,,,,,
,,,,,,,,,,,,,,,,,,,,,,,
,,,,,,,,,,,,,,,,,,,,,,,
,,,,,,,,,,,,,,,,,,,,,,,
,,,,,,,,,,,,,,,,,,,,,,,
,,,,,,,,,,,,,,,,,,,,,,,
,,,,,,,,,,,,,,,,,,,,,,,
,,,,,,,,,,,,,,,,,,,,,,,
,,,,,,,,,,,,,,,,,,,,,,,
,,,,,,,,,,,,,,,,,,,,,,,
,,,,,,,,,,,,,,,,,,,,,,,
,,,,,,,,,,,,,,,,,,,,,,,
,,,,,,,,,,,,,,,,,,,,,,,
,,,,,,,,,,,,,,,,,,,,,,,
,,,,,,,,,,,,,,,,,,,,,,,
,,,,,,,,,,,,,,,,,,,,,,,
,,,,,,,,,,,,,,,,,,,,,,,
,,,,,,,,,,,,,,,,,,,,,,,
,,,,,,,,,,,,,,,,,,,,,,,
,,,,,,,,,,,,,,,,,,,,,,,
,,,,,,,,,,,,,,,,,,,,,,,
,,,,,,,,,,,,,,,,,,,,,,,
,,,,,,,,,,,,,,,,,,,,,,,
,,,,,,,,,,,,,,,,,,,,,,,
,,,,,,,,,,,,,,,,,,,,,,,
,,,,,,,,,,,,,,,,,,,,,,,
,,,,,,,,,,,,,,,,,,,,,,,
,,,,,,,,,,,,,,,,,,,,,,,
,,,,,,,,,,,,,,,,,,,,,,,
,,,,,,,,,,,,,,,,,,,,,,,
,,,,,,,,,,,,,,,,,,,,,,,
,,,,,,,,,,,,,,,,,,,,,,,
,,,,,,,,,,,,,,,,,,,,,,,
,,,,,,,,,,,,,,,,,,,,,,,
,,,,,,,,,,,,,,,,,,,,,,,
,,,,,,,,,,,,,,,,,,,,,,,
,,,,,,,,,,,,,,,,,,,,,,,
,,,,,,,,,,,,,,,,,,,,,,,
,,,,,,,,,,,,,,,,,,,,,,,
,,,,,,,,,,,,,,,,,,,,,,,
,,,,,,,,,,,,,,,,,,,,,,,
,,,,,,,,,,,,,,,,,,,,,,,
,,,,,,,,,,,,,,,,,,,,,,,
,,,,,,,,,,,,,,,,,,,,,,,
,,,,,,,,,,,,,,,,,,,,,,,
,,,,,,,,,,,,,,,,,,,,,,,
,,,,,,,,,,,,,,,,,,,,,,,
,,,,,,,,,,,,,,,,,,,,,,,
,,,,,,,,,,,,,,,,,,,,,,,
,,,,,,,,,,,,,,,,,,,,,,,
,,,,,,,,,,,,,,,,,,,,,,,
,,,,,,,,,,,,,,,,,,,,,,,
,,,,,,,,,,,,,,,,,,,,,,,
,,,,,,,,,,,,,,,,,,,,,,,
,,,,,,,,,,,,,,,,,,,,,,,
,,,,,,,,,,,,,,,,,,,,,,,
,,,,,,,,,,,,,,,,,,,,,,,
,,,,,,,,,,,,,,,,,,,,,,,
,,,,,,,,,,,,,,,,,,,,,,,
,,,,,,,,,,,,,,,,,,,,,,,
,,,,,,,,,,,,,,,,,,,,,,,
,,,,,,,,,,,,,,,,,,,,,,,
,,,,,,,,,,,,,,,,,,,,,,,
,,,,,,,,,,,,,,,,,,,,,,,
,,,,,,,,,,,,,,,,,,,,,,,
,,,,,,,,,,,,,,,,,,,,,,,
,,,,,,,,,,,,,,,,,,,,,,,
,,,,,,,,,,,,,,,,,,,,,,,
,,,,,,,,,,,,,,,,,,,,,,,
,,,,,,,,,,,,,,,,,,,,,,,
,,,,,,,,,,,,,,,,,,,,,,,
,,,,,,,,,,,,,,,,,,,,,,,
,,,,,,,,,,,,,,,,,,,,,,,
,,,,,,,,,,,,,,,,,,,,,,,
,,,,,,,,,,,,,,,,,,,,,,,
,,,,,,,,,,,,,,,,,,,,,,,
,,,,,,,,,,,,,,,,,,,,,,,
,,,,,,,,,,,,,,,,,,,,,,,
,,,,,,,,,,,,,,,,,,,,,,,
,,,,,,,,,,,,,,,,,,,,,,,
,,,,,,,,,,,,,,,,,,,,,,,
,,,,,,,,,,,,,,,,,,,,,,,
,,,,,,,,,,,,,,,,,,,,,,,
,,,,,,,,,,,,,,,,,,,,,,,
,,,,,,,,,,,,,,,,,,,,,,,
,,,,,,,,,,,,,,,,,,,,,,,
,,,,,,,,,,,,,,,,,,,,,,,
,,,,,,,,,,,,,,,,,,,,,,,
,,,,,,,,,,,,,,,,,,,,,,,
,,,,,,,,,,,,,,,,,,,,,,,
,,,,,,,,,,,,,,,,,,,,,,,
,,,,,,,,,,,,,,,,,,,,,,,
,,,,,,,,,,,,,,,,,,,,,,,
,,,,,,,,,,,,,,,,,,,,,,,
,,,,,,,,,,,,,,,,,,,,,,,
,,,,,,,,,,,,,,,,,,,,,,,
,,,,,,,,,,,,,,,,,,,,,,,
,,,,,,,,,,,,,,,,,,,,,,,
,,,,,,,,,,,,,,,,,,,,,,,
,,,,,,,,,,,,,,,,,,,,,,,
,,,,,,,,,,,,,,,,,,,,,,,
,,,,,,,,,,,,,,,,,,,,,,,
,,,,,,,,,,,,,,,,,,,,,,,
,,,,,,,,,,,,,,,,,,,,,,,
,,,,,,,,,,,,,,,,,,,,,,,
,,,,,,,,,,,,,,,,,,,,,,,
,,,,,,,,,,,,,,,,,,,,,,,
,,,,,,,,,,,,,,,,,,,,,,,
,,,,,,,,,,,,,,,,,,,,,,,
,,,,,,,,,,,,,,,,,,,,,,,
,,,,,,,,,,,,,,,,,,,,,,,
,,,,,,,,,,,,,,,,,,,,,,,
,,,,,,,,,,,,,,,,,,,,,,,
,,,,,,,,,,,,,,,,,,,,,,,
,,,,,,,,,,,,,,,,,,,,,,,
,,,,,,,,,,,,,,,,,,,,,,,
,,,,,,,,,,,,,,,,,,,,,,,
,,,,,,,,,,,,,,,,,,,,,,,
,,,,,,,,,,,,,,,,,,,,,,,
,,,,,,,,,,,,,,,,,,,,,,,
,,,,,,,,,,,,,,,,,,,,,,,
,,,,,,,,,,,,,,,,,,,,,,,
,,,,,,,,,,,,,,,,,,,,,,,
,,,,,,,,,,,,,,,,,,,,,,,
,,,,,,,,,,,,,,,,,,,,,,,
,,,,,,,,,,,,,,,,,,,,,,,
,,,,,,,,,,,,,,,,,,,,,,,
,,,,,,,,,,,,,,,,,,,,,,,
,,,,,,,,,,,,,,,,,,,,,,,
,,,,,,,,,,,,,,,,,,,,,,,
,,,,,,,,,,,,,,,,,,,,,,,
,,,,,,,,,,,,,,,,,,,,,,,
,,,,,,,,,,,,,,,,,,,,,,,
,,,,,,,,,,,,,,,,,,,,,,,
,,,,,,,,,,,,,,,,,,,,,,,
,,,,,,,,,,,,,,,,,,,,,,,
,,,,,,,,,,,,,,,,,,,,,,,
,,,,,,,,,,,,,,,,,,,,,,,
,,,,,,,,,,,,,,,,,,,,,,,
,,,,,,,,,,,,,,,,,,,,,,,
,,,,,,,,,,,,,,,,,,,,,,,
,,,,,,,,,,,,,,,,,,,,,,,
,,,,,,,,,,,,,,,,,,,,,,,
,,,,,,,,,,,,,,,,,,,,,,,
,,,,,,,,,,,,,,,,,,,,,,,
,,,,,,,,,,,,,,,,,,,,,,,
,,,,,,,,,,,,,,,,,,,,,,,
,,,,,,,,,,,,,,,,,,,,,,,
,,,,,,,,,,,,,,,,,,,,,,,
,,,,,,,,,,,,,,,,,,,,,,,
,,,,,,,,,,,,,,,,,,,,,,,
,,,,,,,,,,,,,,,,,,,,,,,
,,,,,,,,,,,,,,,,,,,,,,,
,,,,,,,,,,,,,,,,,,,,,,,
,,,,,,,,,,,,,,,,,,,,,,,
,,,,,,,,,,,,,,,,,,,,,,,
,,,,,,,,,,,,,,,,,,,,,,,
,,,,,,,,,,,,,,,,,,,,,,,
,,,,,,,,,,,,,,,,,,,,,,,
,,,,,,,,,,,,,,,,,,,,,,,
,,,,,,,,,,,,,,,,,,,,,,,
,,,,,,,,,,,,,,,,,,,,,,,
,,,,,,,,,,,,,,,,,,,,,,,
,,,,,,,,,,,,,,,,,,,,,,,
,,,,,,,,,,,,,,,,,,,,,,,
,,,,,,,,,,,,,,,,,,,,,,,
,,,,,,,,,,,,,,,,,,,,,,,
,,,,,,,,,,,,,,,,,,,,,,,
,,,,,,,,,,,,,,,,,,,,,,,
,,,,,,,,,,,,,,,,,,,,,,,
,,,,,,,,,,,,,,,,,,,,,,,
,,,,,,,,,,,,,,,,,,,,,,,
,,,,,,,,,,,,,,,,,,,,,,,
,,,,,,,,,,,,,,,,,,,,,,,
,,,,,,,,,,,,,,,,,,,,,,,
,,,,,,,,,,,,,,,,,,,,,,,
,,,,,,,,,,,,,,,,,,,,,,,
,,,,,,,,,,,,,,,,,,,,,,,
,,,,,,,,,,,,,,,,,,,,,,,
,,,,,,,,,,,,,,,,,,,,,,,
,,,,,,,,,,,,,,,,,,,,,,,
,,,,,,,,,,,,,,,,,,,,,,,
,,,,,,,,,,,,,,,,,,,,,,,
,,,,,,,,,,,,,,,,,,,,,,,
,,,,,,,,,,,,,,,,,,,,,,,
,,,,,,,,,,,,,,,,,,,,,,,
,,,,,,,,,,,,,,,,,,,,,,,
,,,,,,,,,,,,,,,,,,,,,,,
,,,,,,,,,,,,,,,,,,,,,,,
,,,,,,,,,,,,,,,,,,,,,,,
,,,,,,,,,,,,,,,,,,,,,,,
,,,,,,,,,,,,,,,,,,,,,,,
,,,,,,,,,,,,,,,,,,,,,,,
,,,,,,,,,,,,,,,,,,,,,,,
,,,,,,,,,,,,,,,,,,,,,,,
,,,,,,,,,,,,,,,,,,,,,,,
,,,,,,,,,,,,,,,,,,,,,,,
,,,,,,,,,,,,,,,,,,,,,,,
,,,,,,,,,,,,,,,,,,,,,,,
,,,,,,,,,,,,,,,,,,,,,,,
,,,,,,,,,,,,,,,,,,,,,,,
,,,,,,,,,,,,,,,,,,,,,,,
,,,,,,,,,,,,,,,,,,,,,,,
,,,,,,,,,,,,,,,,,,,,,,,
,,,,,,,,,,,,,,,,,,,,,,,
,,,,,,,,,,,,,,,,,,,,,,,
,,,,,,,,,,,,,,,,,,,,,,,
,,,,,,,,,,,,,,,,,,,,,,,
,,,,,,,,,,,,,,,,,,,,,,,
,,,,,,,,,,,,,,,,,,,,,,,
,,,,,,,,,,,,,,,,,,,,,,,
,,,,,,,,,,,,,,,,,,,,,,,
,,,,,,,,,,,,,,,,,,,,,,,
,,,,,,,,,,,,,,,,,,,,,,,
,,,,,,,,,,,,,,,,,,,,,,,
,,,,,,,,,,,,,,,,,,,,,,,
,,,,,,,,,,,,,,,,,,,,,,,
,,,,,,,,,,,,,,,,,,,,,,,
,,,,,,,,,,,,,,,,,,,,,,,
,,,,,,,,,,,,,,,,,,,,,,,
,,,,,,,,,,,,,,,,,,,,,,,
,,,,,,,,,,,,,,,,,,,,,,,
,,,,,,,,,,,,,,,,,,,,,,,
,,,,,,,,,,,,,,,,,,,,,,,
,,,,,,,,,,,,,,,,,,,,,,,
,,,,,,,,,,,,,,,,,,,,,,,
,,,,,,,,,,,,,,,,,,,,,,,
,,,,,,,,,,,,,,,,,,,,,,,
,,,,,,,,,,,,,,,,,,,,,,,
,,,,,,,,,,,,,,,,,,,,,,,
,,,,,,,,,,,,,,,,,,,,,,,
,,,,,,,,,,,,,,,,,,,,,,,
,,,,,,,,,,,,,,,,,,,,,,,
,,,,,,,,,,,,,,,,,,,,,,,
,,,,,,,,,,,,,,,,,,,,,,,
,,,,,,,,,,,,,,,,,,,,,,,
,,,,,,,,,,,,,,,,,,,,,,,
,,,,,,,,,,,,,,,,,,,,,,,
,,,,,,,,,,,,,,,,,,,,,,,
,,,,,,,,,,,,,,,,,,,,,,,
,,,,,,,,,,,,,,,,,,,,,,,
,,,,,,,,,,,,,,,,,,,,,,,
,,,,,,,,,,,,,,,,,,,,,,,
,,,,,,,,,,,,,,,,,,,,,,,
,,,,,,,,,,,,,,,,,,,,,,,
,,,,,,,,,,,,,,,,,,,,,,,
,,,,,,,,,,,,,,,,,,,,,,,
,,,,,,,,,,,,,,,,,,,,,,,
,,,,,,,,,,,,,,,,,,,,,,,
,,,,,,,,,,,,,,,,,,,,,,,
,,,,,,,,,,,,,,,,,,,,,,,
,,,,,,,,,,,,,,,,,,,,,,,
,,,,,,,,,,,,,,,,,,,,,,,
,,,,,,,,,,,,,,,,,,,,,,,
,,,,,,,,,,,,,,,,,,,,,,,
,,,,,,,,,,,,,,,,,,,,,,,
,,,,,,,,,,,,,,,,,,,,,,,
,,,,,,,,,,,,,,,,,,,,,,,
,,,,,,,,,,,,,,,,,,,,,,,
,,,,,,,,,,,,,,,,,,,,,,,
,,,,,,,,,,,,,,,,,,,,,,,
,,,,,,,,,,,,,,,,,,,,,,,
,,,,,,,,,,,,,,,,,,,,,,,
,,,,,,,,,,,,,,,,,,,,,,,
,,,,,,,,,,,,,,,,,,,,,,,
,,,,,,,,,,,,,,,,,,,,,,,
,,,,,,,,,,,,,,,,,,,,,,,
,,,,,,,,,,,,,,,,,,,,,,,
,,,,,,,,,,,,,,,,,,,,,,,
,,,,,,,,,,,,,,,,,,,,,,,
,,,,,,,,,,,,,,,,,,,,,,,
,,,,,,,,,,,,,,,,,,,,,,,
,,,,,,,,,,,,,,,,,,,,,,,
,,,,,,,,,,,,,,,,,,,,,,,
,,,,,,,,,,,,,,,,,,,,,,,
,,,,,,,,,,,,,,,,,,,,,,,
,,,,,,,,,,,,,,,,,,,,,,,
,,,,,,,,,,,,,,,,,,,,,,,
,,,,,,,,,,,,,,,,,,,,,,,
,,,,,,,,,,,,,,,,,,,,,,,
,,,,,,,,,,,,,,,,,,,,,,,
,,,,,,,,,,,,,,,,,,,,,,,
,,,,,,,,,,,,,,,,,,,,,,,
,,,,,,,,,,,,,,,,,,,,,,,
,,,,,,,,,,,,,,,,,,,,,,,
,,,,,,,,,,,,,,,,,,,,,,,
,,,,,,,,,,,,,,,,,,,,,,,
,,,,,,,,,,,,,,,,,,,,,,,
,,,,,,,,,,,,,,,,,,,,,,,
,,,,,,,,,,,,,,,,,,,,,,,
,,,,,,,,,,,,,,,,,,,,,,,
,,,,,,,,,,,,,,,,,,,,,,,
,,,,,,,,,,,,,,,,,,,,,,,
,,,,,,,,,,,,,,,,,,,,,,,
,,,,,,,,,,,,,,,,,,,,,,,
,,,,,,,,,,,,,,,,,,,,,,,
,,,,,,,,,,,,,,,,,,,,,,,
,,,,,,,,,,,,,,,,,,,,,,,
,,,,,,,,,,,,,,,,,,,,,,,
,,,,,,,,,,,,,,,,,,,,,,,
,,,,,,,,,,,,,,,,,,,,,,,
,,,,,,,,,,,,,,,,,,,,,,,
,,,,,,,,,,,,,,,,,,,,,,,
,,,,,,,,,,,,,,,,,,,,,,,
,,,,,,,,,,,,,,,,,,,,,,,
,,,,,,,,,,,,,,,,,,,,,,,
,,,,,,,,,,,,,,,,,,,,,,,
,,,,,,,,,,,,,,,,,,,,,,,
,,,,,,,,,,,,,,,,,,,,,,,
,,,,,,,,,,,,,,,,,,,,,,,
,,,,,,,,,,,,,,,,,,,,,,,
,,,,,,,,,,,,,,,,,,,,,,,
,,,,,,,,,,,,,,,,,,,,,,,
,,,,,,,,,,,,,,,,,,,,,,,
,,,,,,,,,,,,,,,,,,,,,,,
,,,,,,,,,,,,,,,,,,,,,,,
,,,,,,,,,,,,,,,,,,,,,,,
,,,,,,,,,,,,,,,,,,,,,,,
,,,,,,,,,,,,,,,,,,,,,,,
,,,,,,,,,,,,,,,,,,,,,,,
,,,,,,,,,,,,,,,,,,,,,,,
,,,,,,,,,,,,,,,,,,,,,,,
,,,,,,,,,,,,,,,,,,,,,,,
,,,,,,,,,,,,,,,,,,,,,,,
,,,,,,,,,,,,,,,,,,,,,,,
,,,,,,,,,,,,,,,,,,,,,,,
,,,,,,,,,,,,,,,,,,,,,,,
,,,,,,,,,,,,,,,,,,,,,,,
,,,,,,,,,,,,,,,,,,,,,,,
,,,,,,,,,,,,,,,,,,,,,,,
,,,,,,,,,,,,,,,,,,,,,,,
,,,,,,,,,,,,,,,,,,,,,,,
,,,,,,,,,,,,,,,,,,,,,,,
,,,,,,,,,,,,,,,,,,,,,,,
,,,,,,,,,,,,,,,,,,,,,,,
,,,,,,,,,,,,,,,,,,,,,,,
,,,,,,,,,,,,,,,,,,,,,,,
,,,,,,,,,,,,,,,,,,,,,,,
,,,,,,,,,,,,,,,,,,,,,,,
,,,,,,,,,,,,,,,,,,,,,,,
,,,,,,,,,,,,,,,,,,,,,,,
,,,,,,,,,,,,,,,,,,,,,,,
,,,,,,,,,,,,,,,,,,,,,,,
,,,,,,,,,,,,,,,,,,,,,,,
,,,,,,,,,,,,,,,,,,,,,,,
,,,,,,,,,,,,,,,,,,,,,,,
,,,,,,,,,,,,,,,,,,,,,,,
,,,,,,,,,,,,,,,,,,,,,,,
,,,,,,,,,,,,,,,,,,,,,,,
,,,,,,,,,,,,,,,,,,,,,,,
,,,,,,,,,,,,,,,,,,,,,,,
,,,,,,,,,,,,,,,,,,,,,,,
,,,,,,,,,,,,,,,,,,,,,,,
,,,,,,,,,,,,,,,,,,,,,,,
,,,,,,,,,,,,,,,,,,,,,,,
,,,,,,,,,,,,,,,,,,,,,,,
,,,,,,,,,,,,,,,,,,,,,,,
,,,,,,,,,,,,,,,,,,,,,,,
,,,,,,,,,,,,,,,,,,,,,,,
,,,,,,,,,,,,,,,,,,,,,,,
,,,,,,,,,,,,,,,,,,,,,,,
,,,,,,,,,,,,,,,,,,,,,,,
,,,,,,,,,,,,,,,,,,,,,,,
,,,,,,,,,,,,,,,,,,,,,,,
,,,,,,,,,,,,,,,,,,,,,,,
,,,,,,,,,,,,,,,,,,,,,,,
,,,,,,,,,,,,,,,,,,,,,,,
,,,,,,,,,,,,,,,,,,,,,,,
,,,,,,,,,,,,,,,,,,,,,,,
,,,,,,,,,,,,,,,,,,,,,,,
,,,,,,,,,,,,,,,,,,,,,,,
,,,,,,,,,,,,,,,,,,,,,,,
,,,,,,,,,,,,,,,,,,,,,,,
,,,,,,,,,,,,,,,,,,,,,,,
,,,,,,,,,,,,,,,,,,,,,,,
,,,,,,,,,,,,,,,,,,,,,,,
,,,,,,,,,,,,,,,,,,,,,,,
,,,,,,,,,,,,,,,,,,,,,,,
,,,,,,,,,,,,,,,,,,,,,,,
,,,,,,,,,,,,,,,,,,,,,,,
,,,,,,,,,,,,,,,,,,,,,,,
,,,,,,,,,,,,,,,,,,,,,,,
,,,,,,,,,,,,,,,,,,,,,,,
,,,,,,,,,,,,,,,,,,,,,,,
,,,,,,,,,,,,,,,,,,,,,,,
,,,,,,,,,,,,,,,,,,,,,,,
,,,,,,,,,,,,,,,,,,,,,,,
,,,,,,,,,,,,,,,,,,,,,,,
,,,,,,,,,,,,,,,,,,,,,,,
,,,,,,,,,,,,,,,,,,,,,,,
,,,,,,,,,,,,,,,,,,,,,,,
,,,,,,,,,,,,,,,,,,,,,,,
,,,,,,,,,,,,,,,,,,,,,,,
,,,,,,,,,,,,,,,,,,,,,,,
,,,,,,,,,,,,,,,,,,,,,,,
,,,,,,,,,,,,,,,,,,,,,,,
,,,,,,,,,,,,,,,,,,,,,,,
,,,,,,,,,,,,,,,,,,,,,,,
,,,,,,,,,,,,,,,,,,,,,,,
,,,,,,,,,,,,,,,,,,,,,,,
,,,,,,,,,,,,,,,,,,,,,,,
,,,,,,,,,,,,,,,,,,,,,,,
,,,,,,,,,,,,,,,,,,,,,,,
,,,,,,,,,,,,,,,,,,,,,,,
,,,,,,,,,,,,,,,,,,,,,,,
,,,,,,,,,,,,,,,,,,,,,,,
,,,,,,,,,,,,,,,,,,,,,,,
,,,,,,,,,,,,,,,,,,,,,,,
,,,,,,,,,,,,,,,,,,,,,,,
,,,,,,,,,,,,,,,,,,,,,,,
,,,,,,,,,,,,,,,,,,,,,,,
,,,,,,,,,,,,,,,,,,,,,,,
,,,,,,,,,,,,,,,,,,,,,,,
,,,,,,,,,,,,,,,,,,,,,,,
,,,,,,,,,,,,,,,,,,,,,,,
,,,,,,,,,,,,,,,,,,,,,,,
,,,,,,,,,,,,,,,,,,,,,,,
,,,,,,,,,,,,,,,,,,,,,,,
,,,,,,,,,,,,,,,,,,,,,,,
,,,,,,,,,,,,,,,,,,,,,,,
,,,,,,,,,,,,,,,,,,,,,,,
,,,,,,,,,,,,,,,,,,,,,,,
,,,,,,,,,,,,,,,,,,,,,,,
,,,,,,,,,,,,,,,,,,,,,,,
,,,,,,,,,,,,,,,,,,,,,,,
,,,,,,,,,,,,,,,,,,,,,,,
,,,,,,,,,,,,,,,,,,,,,,,
,,,,,,,,,,,,,,,,,,,,,,,
,,,,,,,,,,,,,,,,,,,,,,,
,,,,,,,,,,,,,,,,,,,,,,,
,,,,,,,,,,,,,,,,,,,,,,,
,,,,,,,,,,,,,,,,,,,,,,,
,,,,,,,,,,,,,,,,,,,,,,,
,,,,,,,,,,,,,,,,,,,,,,,
,,,,,,,,,,,,,,,,,,,,,,,
,,,,,,,,,,,,,,,,,,,,,,,
,,,,,,,,,,,,,,,,,,,,,,,
,,,,,,,,,,,,,,,,,,,,,,,
,,,,,,,,,,,,,,,,,,,,,,,
,,,,,,,,,,,,,,,,,,,,,,,
,,,,,,,,,,,,,,,,,,,,,,,
,,,,,,,,,,,,,,,,,,,,,,,
,,,,,,,,,,,,,,,,,,,,,,,
,,,,,,,,,,,,,,,,,,,,,,,
,,,,,,,,,,,,,,,,,,,,,,,
,,,,,,,,,,,,,,,,,,,,,,,
,,,,,,,,,,,,,,,,,,,,,,,
,,,,,,,,,,,,,,,,,,,,,,,
,,,,,,,,,,,,,,,,,,,,,,,
,,,,,,,,,,,,,,,,,,,,,,,
,,,,,,,,,,,,,,,,,,,,,,,
,,,,,,,,,,,,,,,,,,,,,,,
,,,,,,,,,,,,,,,,,,,,,,,
,,,,,,,,,,,,,,,,,,,,,,,
,,,,,,,,,,,,,,,,,,,,,,,
,,,,,,,,,,,,,,,,,,,,,,,
,,,,,,,,,,,,,,,,,,,,,,,
,,,,,,,,,,,,,,,,,,,,,,,
,,,,,,,,,,,,,,,,,,,,,,,
,,,,,,,,,,,,,,,,,,,,,,,
,,,,,,,,,,,,,,,,,,,,,,,
,,,,,,,,,,,,,,,,,,,,,,,
,,,,,,,,,,,,,,,,,,,,,,,
,,,,,,,,,,,,,,,,,,,,,,,
,,,,,,,,,,,,,,,,,,,,,,,
,,,,,,,,,,,,,,,,,,,,,,,
,,,,,,,,,,,,,,,,,,,,,,,
,,,,,,,,,,,,,,,,,,,,,,,
,,,,,,,,,,,,,,,,,,,,,,,
,,,,,,,,,,,,,,,,,,,,,,,
,,,,,,,,,,,,,,,,,,,,,,,
,,,,,,,,,,,,,,,,,,,,,,,
,,,,,,,,,,,,,,,,,,,,,,,
,,,,,,,,,,,,,,,,,,,,,,,
,,,,,,,,,,,,,,,,,,,,,,,
,,,,,,,,,,,,,,,,,,,,,,,
,,,,,,,,,,,,,,,,,,,,,,,
,,,,,,,,,,,,,,,,,,,,,,,
,,,,,,,,,,,,,,,,,,,,,,,
,,,,,,,,,,,,,,,,,,,,,,,
,,,,,,,,,,,,,,,,,,,,,,,
,,,,,,,,,,,,,,,,,,,,,,,
,,,,,,,,,,,,,,,,,,,,,,,
,,,,,,,,,,,,,,,,,,,,,,,
,,,,,,,,,,,,,,,,,,,,,,,
,,,,,,,,,,,,,,,,,,,,,,,
,,,,,,,,,,,,,,,,,,,,,,,
,,,,,,,,,,,,,,,,,,,,,,,
,,,,,,,,,,,,,,,,,,,,,,,
,,,,,,,,,,,,,,,,,,,,,,,
,,,,,,,,,,,,,,,,,,,,,,,
,,,,,,,,,,,,,,,,,,,,,,,
,,,,,,,,,,,,,,,,,,,,,,,
,,,,,,,,,,,,,,,,,,,,,,,
,,,,,,,,,,,,,,,,,,,,,,,
,,,,,,,,,,,,,,,,,,,,,,,
,,,,,,,,,,,,,,,,,,,,,,,
,,,,,,,,,,,,,,,,,,,,,,,
,,,,,,,,,,,,,,,,,,,,,,,
,,,,,,,,,,,,,,,,,,,,,,,
,,,,,,,,,,,,,,,,,,,,,,,
,,,,,,,,,,,,,,,,,,,,,,,
,,,,,,,,,,,,,,,,,,,,,,,
,,,,,,,,,,,,,,,,,,,,,,,
,,,,,,,,,,,,,,,,,,,,,,,
,,,,,,,,,,,,,,,,,,,,,,,
,,,,,,,,,,,,,,,,,,,,,,,
,,,,,,,,,,,,,,,,,,,,,,,
,,,,,,,,,,,,,,,,,,,,,,,
,,,,,,,,,,,,,,,,,,,,,,,
,,,,,,,,,,,,,,,,,,,,,,,
,,,,,,,,,,,,,,,,,,,,,,,
,,,,,,,,,,,,,,,,,,,,,,,
,,,,,,,,,,,,,,,,,,,,,,,
,,,,,,,,,,,,,,,,,,,,,,,
,,,,,,,,,,,,,,,,,,,,,,,
,,,,,,,,,,,,,,,,,,,,,,,
,,,,,,,,,,,,,,,,,,,,,,,
,,,,,,,,,,,,,,,,,,,,,,,
,,,,,,,,,,,,,,,,,,,,,,,
,,,,,,,,,,,,,,,,,,,,,,,
,,,,,,,,,,,,,,,,,,,,,,,
,,,,,,,,,,,,,,,,,,,,,,,
,,,,,,,,,,,,,,,,,,,,,,,
,,,,,,,,,,,,,,,,,,,,,,,
,,,,,,,,,,,,,,,,,,,,,,,
,,,,,,,,,,,,,,,,,,,,,,,
,,,,,,,,,,,,,,,,,,,,,,,
,,,,,,,,,,,,,,,,,,,,,,,
,,,,,,,,,,,,,,,,,,,,,,,
,,,,,,,,,,,,,,,,,,,,,,,
,,,,,,,,,,,,,,,,,,,,,,,
,,,,,,,,,,,,,,,,,,,,,,,
,,,,,,,,,,,,,,,,,,,,,,,
,,,,,,,,,,,,,,,,,,,,,,,
,,,,,,,,,,,,,,,,,,,,,,,
,,,,,,,,,,,,,,,,,,,,,,,
,,,,,,,,,,,,,,,,,,,,,,,
,,,,,,,,,,,,,,,,,,,,,,,
,,,,,,,,,,,,,,,,,,,,,,,
,,,,,,,,,,,,,,,,,,,,,,,
,,,,,,,,,,,,,,,,,,,,,,,
,,,,,,,,,,,,,,,,,,,,,,,
,,,,,,,,,,,,,,,,,,,,,,,
,,,,,,,,,,,,,,,,,,,,,,,
,,,,,,,,,,,,,,,,,,,,,,,
,,,,,,,,,,,,,,,,,,,,,,,
,,,,,,,,,,,,,,,,,,,,,,,
,,,,,,,,,,,,,,,,,,,,,,,
,,,,,,,,,,,,,,,,,,,,,,,
,,,,,,,,,,,,,,,,,,,,,,,
,,,,,,,,,,,,,,,,,,,,,,,
,,,,,,,,,,,,,,,,,,,,,,,
,,,,,,,,,,,,,,,,,,,,,,,
,,,,,,,,,,,,,,,,,,,,,,,
,,,,,,,,,,,,,,,,,,,,,,,
,,,,,,,,,,,,,,,,,,,,,,,
,,,,,,,,,,,,,,,,,,,,,,,
,,,,,,,,,,,,,,,,,,,,,,,
,,,,,,,,,,,,,,,,,,,,,,,
,,,,,,,,,,,,,,,,,,,,,,,
,,,,,,,,,,,,,,,,,,,,,,,
,,,,,,,,,,,,,,,,,,,,,,,
,,,,,,,,,,,,,,,,,,,,,,,
,,,,,,,,,,,,,,,,,,,,,,,
,,,,,,,,,,,,,,,,,,,,,,,
,,,,,,,,,,,,,,,,,,,,,,,
,,,,,,,,,,,,,,,,,,,,,,,
,,,,,,,,,,,,,,,,,,,,,,,
,,,,,,,,,,,,,,,,,,,,,,,
,,,,,,,,,,,,,,,,,,,,,,,
,,,,,,,,,,,,,,,,,,,,,,,
,,,,,,,,,,,,,,,,,,,,,,,
,,,,,,,,,,,,,,,,,,,,,,,
,,,,,,,,,,,,,,,,,,,,,,,
,,,,,,,,,,,,,,,,,,,,,,,
,,,,,,,,,,,,,,,,,,,,,,,
,,,,,,,,,,,,,,,,,,,,,,,
,,,,,,,,,,,,,,,,,,,,,,,
,,,,,,,,,,,,,,,,,,,,,,,
,,,,,,,,,,,,,,,,,,,,,,,
,,,,,,,,,,,,,,,,,,,,,,,
,,,,,,,,,,,,,,,,,,,,,,,
,,,,,,,,,,,,,,,,,,,,,,,
,,,,,,,,,,,,,,,,,,,,,,,
,,,,,,,,,,,,,,,,,,,,,,,
,,,,,,,,,,,,,,,,,,,,,,,
,,,,,,,,,,,,,,,,,,,,,,,
,,,,,,,,,,,,,,,,,,,,,,,
,,,,,,,,,,,,,,,,,,,,,,,
,,,,,,,,,,,,,,,,,,,,,,,
,,,,,,,,,,,,,,,,,,,,,,,
,,,,,,,,,,,,,,,,,,,,,,,
,,,,,,,,,,,,,,,,,,,,,,,
,,,,,,,,,,,,,,,,,,,,,,,
,,,,,,,,,,,,,,,,,,,,,,,
,,,,,,,,,,,,,,,,,,,,,,,
,,,,,,,,,,,,,,,,,,,,,,,
,,,,,,,,,,,,,,,,,,,,,,,
,,,,,,,,,,,,,,,,,,,,,,,
,,,,,,,,,,,,,,,,,,,,,,,
,,,,,,,,,,,,,,,,,,,,,,,
,,,,,,,,,,,,,,,,,,,,,,,
,,,,,,,,,,,,,,,,,,,,,,,
,,,,,,,,,,,,,,,,,,,,,,,
,,,,,,,,,,,,,,,,,,,,,,,
,,,,,,,,,,,,,,,,,,,,,,,
,,,,,,,,,,,,,,,,,,,,,,,
,,,,,,,,,,,,,,,,,,,,,,,
,,,,,,,,,,,,,,,,,,,,,,,
,,,,,,,,,,,,,,,,,,,,,,,
,,,,,,,,,,,,,,,,,,,,,,,
,,,,,,,,,,,,,,,,,,,,,,,
,,,,,,,,,,,,,,,,,,,,,,,
,,,,,,,,,,,,,,,,,,,,,,,
,,,,,,,,,,,,,,,,,,,,,,,
,,,,,,,,,,,,,,,,,,,,,,,
,,,,,,,,,,,,,,,,,,,,,,,
,,,,,,,,,,,,,,,,,,,,,,,
,,,,,,,,,,,,,,,,,,,,,,,
,,,,,,,,,,,,,,,,,,,,,,,
,,,,,,,,,,,,,,,,,,,,,,,
,,,,,,,,,,,,,,,,,,,,,,,
,,,,,,,,,,,,,,,,,,,,,,,
,,,,,,,,,,,,,,,,,,,,,,,
,,,,,,,,,,,,,,,,,,,,,,,
,,,,,,,,,,,,,,,,,,,,,,,
,,,,,,,,,,,,,,,,,,,,,,,
,,,,,,,,,,,,,,,,,,,,,,,
,,,,,,,,,,,,,,,,,,,,,,,
,,,,,,,,,,,,,,,,,,,,,,,
,,,,,,,,,,,,,,,,,,,,,,,
,,,,,,,,,,,,,,,,,,,,,,,
,,,,,,,,,,,,,,,,,,,,,,,
,,,,,,,,,,,,,,,,,,,,,,,
,,,,,,,,,,,,,,,,,,,,,,,
,,,,,,,,,,,,,,,,,,,,,,,
,,,,,,,,,,,,,,,,,,,,,,,
,,,,,,,,,,,,,,,,,,,,,,,
,,,,,,,,,,,,,,,,,,,,,,,
,,,,,,,,,,,,,,,,,,,,,,,
,,,,,,,,,,,,,,,,,,,,,,,
,,,,,,,,,,,,,,,,,,,,,,,
,,,,,,,,,,,,,,,,,,,,,,,
,,,,,,,,,,,,,,,,,,,,,,,
,,,,,,,,,,,,,,,,,,,,,,,
,,,,,,,,,,,,,,,,,,,,,,,
,,,,,,,,,,,,,,,,,,,,,,,
,,,,,,,,,,,,,,,,,,,,,,,
,,,,,,,,,,,,,,,,,,,,,,,
,,,,,,,,,,,,,,,,,,,,,,,
,,,,,,,,,,,,,,,,,,,,,,,
,,,,,,,,,,,,,,,,,,,,,,,
,,,,,,,,,,,,,,,,,,,,,,,
,,,,,,,,,,,,,,,,,,,,,,,
,,,,,,,,,,,,,,,,,,,,,,,
,,,,,,,,,,,,,,,,,,,,,,,
,,,,,,,,,,,,,,,,,,,,,,,
,,,,,,,,,,,,,,,,,,,,,,,
,,,,,,,,,,,,,,,,,,,,,,,
,,,,,,,,,,,,,,,,,,,,,,,
,,,,,,,,,,,,,,,,,,,,,,,
,,,,,,,,,,,,,,,,,,,,,,,
,,,,,,,,,,,,,,,,,,,,,,,
,,,,,,,,,,,,,,,,,,,,,,,
,,,,,,,,,,,,,,,,,,,,,,,
,,,,,,,,,,,,,,,,,,,,,,,
,,,,,,,,,,,,,,,,,,,,,,,
,,,,,,,,,,,,,,,,,,,,,,,
,,,,,,,,,,,,,,,,,,,,,,,
,,,,,,,,,,,,,,,,,,,,,,,
,,,,,,,,,,,,,,,,,,,,,,,
,,,,,,,,,,,,,,,,,,,,,,,
,,,,,,,,,,,,,,,,,,,,,,,
,,,,,,,,,,,,,,,,,,,,,,,
,,,,,,,,,,,,,,,,,,,,,,,
,,,,,,,,,,,,,,,,,,,,,,,
,,,,,,,,,,,,,,,,,,,,,,,
,,,,,,,,,,,,,,,,,,,,,,,
,,,,,,,,,,,,,,,,,,,,,,,
,,,,,,,,,,,,,,,,,,,,,,,
,,,,,,,,,,,,,,,,,,,,,,,
,,,,,,,,,,,,,,,,,,,,,,,
,,,,,,,,,,,,,,,,,,,,,,,
,,,,,,,,,,,,,,,,,,,,,,,
,,,,,,,,,,,,,,,,,,,,,,,
,,,,,,,,,,,,,,,,,,,,,,,
,,,,,,,,,,,,,,,,,,,,,,,
,,,,,,,,,,,,,,,,,,,,,,,
,,,,,,,,,,,,,,,,,,,,,,,
,,,,,,,,,,,,,,,,,,,,,,,
,,,,,,,,,,,,,,,,,,,,,,,
,,,,,,,,,,,,,,,,,,,,,,,
,,,,,,,,,,,,,,,,,,,,,,,
,,,,,,,,,,,,,,,,,,,,,,,
,,,,,,,,,,,,,,,,,,,,,,,
,,,,,,,,,,,,,,,,,,,,,,,
,,,,,,,,,,,,,,,,,,,,,,,
,,,,,,,,,,,,,,,,,,,,,,,
,,,,,,,,,,,,,,,,,,,,,,,
,,,,,,,,,,,,,,,,,,,,,,,
,,,,,,,,,,,,,,,,,,,,,,,
,,,,,,,,,,,,,,,,,,,,,,,
,,,,,,,,,,,,,,,,,,,,,,,
,,,,,,,,,,,,,,,,,,,,,,,
,,,,,,,,,,,,,,,,,,,,,,,
,,,,,,,,,,,,,,,,,,,,,,,
,,,,,,,,,,,,,,,,,,,,,,,
,,,,,,,,,,,,,,,,,,,,,,,
,,,,,,,,,,,,,,,,,,,,,,,
,,,,,,,,,,,,,,,,,,,,,,,
,,,,,,,,,,,,,,,,,,,,,,,
,,,,,,,,,,,,,,,,,,,,,,,
,,,,,,,,,,,,,,,,,,,,,,,
,,,,,,,,,,,,,,,,,,,,,,,
,,,,,,,,,,,,,,,,,,,,,,,
,,,,,,,,,,,,,,,,,,,,,,,
,,,,,,,,,,,,,,,,,,,,,,,
,,,,,,,,,,,,,,,,,,,,,,,
,,,,,,,,,,,,,,,,,,,,,,,
,,,,,,,,,,,,,,,,,,,,,,,
,,,,,,,,,,,,,,,,,,,,,,,
,,,,,,,,,,,,,,,,,,,,,,,
,,,,,,,,,,,,,,,,,,,,,,,
,,,,,,,,,,,,,,,,,,,,,,,
,,,,,,,,,,,,,,,,,,,,,,,
,,,,,,,,,,,,,,,,,,,,,,,
,,,,,,,,,,,,,,,,,,,,,,,
,,,,,,,,,,,,,,,,,,,,,,,
,,,,,,,,,,,,,,,,,,,,,,,
,,,,,,,,,,,,,,,,,,,,,,,
,,,,,,,,,,,,,,,,,,,,,,,
,,,,,,,,,,,,,,,,,,,,,,,
,,,,,,,,,,,,,,,,,,,,,,,
,,,,,,,,,,,,,,,,,,,,,,,
,,,,,,,,,,,,,,,,,,,,,,,
,,,,,,,,,,,,,,,,,,,,,,,
,,,,,,,,,,,,,,,,,,,,,,,
,,,,,,,,,,,,,,,,,,,,,,,
,,,,,,,,,,,,,,,,,,,,,,,
,,,,,,,,,,,,,,,,,,,,,,,
,,,,,,,,,,,,,,,,,,,,,,,
,,,,,,,,,,,,,,,,,,,,,,,
,,,,,,,,,,,,,,,,,,,,,,,
,,,,,,,,,,,,,,,,,,,,,,,
,,,,,,,,,,,,,,,,,,,,,,,
,,,,,,,,,,,,,,,,,,,,,,,
,,,,,,,,,,,,,,,,,,,,,,,
,,,,,,,,,,,,,,,,,,,,,,,
,,,,,,,,,,,,,,,,,,,,,,,
,,,,,,,,,,,,,,,,,,,,,,,
,,,,,,,,,,,,,,,,,,,,,,,
,,,,,,,,,,,,,,,,,,,,,,,
,,,,,,,,,,,,,,,,,,,,,,,
,,,,,,,,,,,,,,,,,,,,,,,
,,,,,,,,,,,,,,,,,,,,,,,
,,,,,,,,,,,,,,,,,,,,,,,
,,,,,,,,,,,,,,,,,,,,,,,
,,,,,,,,,,,,,,,,,,,,,,,
,,,,,,,,,,,,,,,,,,,,,,,
,,,,,,,,,,,,,,,,,,,,,,,
,,,,,,,,,,,,,,,,,,,,,,,
,,,,,,,,,,,,,,,,,,,,,,,
,,,,,,,,,,,,,,,,,,,,,,,
,,,,,,,,,,,,,,,,,,,,,,,
,,,,,,,,,,,,,,,,,,,,,,,
,,,,,,,,,,,,,,,,,,,,,,,
,,,,,,,,,,,,,,,,,,,,,,,
,,,,,,,,,,,,,,,,,,,,,,,
,,,,,,,,,,,,,,,,,,,,,,,
,,,,,,,,,,,,,,,,,,,,,,,
,,,,,,,,,,,,,,,,,,,,,,,
,,,,,,,,,,,,,,,,,,,,,,,
,,,,,,,,,,,,,,,,,,,,,,,
,,,,,,,,,,,,,,,,,,,,,,,
,,,,,,,,,,,,,,,,,,,,,,,
,,,,,,,,,,,,,,,,,,,,,,,
,,,,,,,,,,,,,,,,,,,,,,,
,,,,,,,,,,,,,,,,,,,,,,,
,,,,,,,,,,,,,,,,,,,,,,,
,,,,,,,,,,,,,,,,,,,,,,,
,,,,,,,,,,,,,,,,,,,,,,,
,,,,,,,,,,,,,,,,,,,,,,,
,,,,,,,,,,,,,,,,,,,,,,,
,,,,,,,,,,,,,,,,,,,,,,,
,,,,,,,,,,,,,,,,,,,,,,,
,,,,,,,,,,,,,,,,,,,,,,,
,,,,,,,,,,,,,,,,,,,,,,,
,,,,,,,,,,,,,,,,,,,,,,,
,,,,,,,,,,,,,,,,,,,,,,,
,,,,,,,,,,,,,,,,,,,,,,,
,,,,,,,,,,,,,,,,,,,,,,,
,,,,,,,,,,,,,,,,,,,,,,,
,,,,,,,,,,,,,,,,,,,,,,,
,,,,,,,,,,,,,,,,,,,,,,,
,,,,,,,,,,,,,,,,,,,,,,,
,,,,,,,,,,,,,,,,,,,,,,,
,,,,,,,,,,,,,,,,,,,,,,,
,,,,,,,,,,,,,,,,,,,,,,,
,,,,,,,,,,,,,,,,,,,,,,,
,,,,,,,,,,,,,,,,,,,,,,,
,,,,,,,,,,,,,,,,,,,,,,,
,,,,,,,,,,,,,,,,,,,,,,,
,,,,,,,,,,,,,,,,,,,,,,,
,,,,,,,,,,,,,,,,,,,,,,,
,,,,,,,,,,,,,,,,,,,,,,,
,,,,,,,,,,,,,,,,,,,,,,,
,,,,,,,,,,,,,,,,,,,,,,,
,,,,,,,,,,,,,,,,,,,,,,,
,,,,,,,,,,,,,,,,,,,,,,,
,,,,,,,,,,,,,,,,,,,,,,,
,,,,,,,,,,,,,,,,,,,,,,,
,,,,,,,,,,,,,,,,,,,,,,,
,,,,,,,,,,,,,,,,,,,,,,,
,,,,,,,,,,,,,,,,,,,,,,,
,,,,,,,,,,,,,,,,,,,,,,,
,,,,,,,,,,,,,,,,,,,,,,,
,,,,,,,,,,,,,,,,,,,,,,,
,,,,,,,,,,,,,,,,,,,,,,,
,,,,,,,,,,,,,,,,,,,,,,,
,,,,,,,,,,,,,,,,,,,,,,,
,,,,,,,,,,,,,,,,,,,,,,,
,,,,,,,,,,,,,,,,,,,,,,,
,,,,,,,,,,,,,,,,,,,,,,,
,,,,,,,,,,,,,,,,,,,,,,,
,,,,,,,,,,,,,,,,,,,,,,,
,,,,,,,,,,,,,,,,,,,,,,,
,,,,,,,,,,,,,,,,,,,,,,,
,,,,,,,,,,,,,,,,,,,,,,,
,,,,,,,,,,,,,,,,,,,,,,,
,,,,,,,,,,,,,,,,,,,,,,,
,,,,,,,,,,,,,,,,,,,,,,,
,,,,,,,,,,,,,,,,,,,,,,,
,,,,,,,,,,,,,,,,,,,,,,,
,,,,,,,,,,,,,,,,,,,,,,,
,,,,,,,,,,,,,,,,,,,,,,,
,,,,,,,,,,,,,,,,,,,,,,,
,,,,,,,,,,,,,,,,,,,,,,,
,,,,,,,,,,,,,,,,,,,,,,,
,,,,,,,,,,,,,,,,,,,,,,,
,,,,,,,,,,,,,,,,,,,,,,,
,,,,,,,,,,,,,,,,,,,,,,,
,,,,,,,,,,,,,,,,,,,,,,,
,,,,,,,,,,,,,,,,,,,,,,,
,,,,,,,,,,,,,,,,,,,,,,,
,,,,,,,,,,,,,,,,,,,,,,,
,,,,,,,,,,,,,,,,,,,,,,,
,,,,,,,,,,,,,,,,,,,,,,,
,,,,,,,,,,,,,,,,,,,,,,,
,,,,,,,,,,,,,,,,,,,,,,,
,,,,,,,,,,,,,,,,,,,,,,,
,,,,,,,,,,,,,,,,,,,,,,,
,,,,,,,,,,,,,,,,,,,,,,,
,,,,,,,,,,,,,,,,,,,,,,,
,,,,,,,,,,,,,,,,,,,,,,,
,,,,,,,,,,,,,,,,,,,,,,,
,,,,,,,,,,,,,,,,,,,,,,,
,,,,,,,,,,,,,,,,,,,,,,,
,,,,,,,,,,,,,,,,,,,,,,,
,,,,,,,,,,,,,,,,,,,,,,,
,,,,,,,,,,,,,,,,,,,,,,,
,,,,,,,,,,,,,,,,,,,,,,,
,,,,,,,,,,,,,,,,,,,,,,,
,,,,,,,,,,,,,,,,,,,,,,,
,,,,,,,,,,,,,,,,,,,,,,,
,,,,,,,,,,,,,,,,,,,,,,,
,,,,,,,,,,,,,,,,,,,,,,,
,,,,,,,,,,,,,,,,,,,,,,,
,,,,,,,,,,,,,,,,,,,,,,,
,,,,,,,,,,,,,,,,,,,,,,,
,,,,,,,,,,,,,,,,,,,,,,,
,,,,,,,,,,,,,,,,,,,,,,,
,,,,,,,,,,,,,,,,,,,,,,,
,,,,,,,,,,,,,,,,,,,,,,,
,,,,,,,,,,,,,,,,,,,,,,,
,,,,,,,,,,,,,,,,,,,,,,,
,,,,,,,,,,,,,,,,,,,,,,,
,,,,,,,,,,,,,,,,,,,,,,,
,,,,,,,,,,,,,,,,,,,,,,,
,,,,,,,,,,,,,,,,,,,,,,,
,,,,,,,,,,,,,,,,,,,,,,,
,,,,,,,,,,,,,,,,,,,,,,,
,,,,,,,,,,,,,,,,,,,,,,,
,,,,,,,,,,,,,,,,,,,,,,,
,,,,,,,,,,,,,,,,,,,,,,,
,,,,,,,,,,,,,,,,,,,,,,,
,,,,,,,,,,,,,,,,,,,,,,,
,,,,,,,,,,,,,,,,,,,,,,,
,,,,,,,,,,,,,,,,,,,,,,,
,,,,,,,,,,,,,,,,,,,,,,,
,,,,,,,,,,,,,,,,,,,,,,,
,,,,,,,,,,,,,,,,,,,,,,,
,,,,,,,,,,,,,,,,,,,,,,,
,,,,,,,,,,,,,,,,,,,,,,,
,,,,,,,,,,,,,,,,,,,,,,,
,,,,,,,,,,,,,,,,,,,,,,,
,,,,,,,,,,,,,,,,,,,,,,,
,,,,,,,,,,,,,,,,,,,,,,,
,,,,,,,,,,,,,,,,,,,,,,,
,,,,,,,,,,,,,,,,,,,,,,,
,,,,,,,,,,,,,,,,,,,,,,,
,,,,,,,,,,,,,,,,,,,,,,,
,,,,,,,,,,,,,,,,,,,,,,,
,,,,,,,,,,,,,,,,,,,,,,,
,,,,,,,,,,,,,,,,,,,,,,,
,,,,,,,,,,,,,,,,,,,,,,,
,,,,,,,,,,,,,,,,,,,,,,,
,,,,,,,,,,,,,,,,,,,,,,,
,,,,,,,,,,,,,,,,,,,,,,,
,,,,,,,,,,,,,,,,,,,,,,,
,,,,,,,,,,,,,,,,,,,,,,,
,,,,,,,,,,,,,,,,,,,,,,,
,,,,,,,,,,,,,,,,,,,,,,,
,,,,,,,,,,,,,,,,,,,,,,,
,,,,,,,,,,,,,,,,,,,,,,,
,,,,,,,,,,,,,,,,,,,,,,,
,,,,,,,,,,,,,,,,,,,,,,,
,,,,,,,,,,,,,,,,,,,,,,,
,,,,,,,,,,,,,,,,,,,,,,,
,,,,,,,,,,,,,,,,,,,,,,,
,,,,,,,,,,,,,,,,,,,,,,,
,,,,,,,,,,,,,,,,,,,,,,,
,,,,,,,,,,,,,,,,,,,,,,,
,,,,,,,,,,,,,,,,,,,,,,,
,,,,,,,,,,,,,,,,,,,,,,,
,,,,,,,,,,,,,,,,,,,,,,,
,,,,,,,,,,,,,,,,,,,,,,,
,,,,,,,,,,,,,,,,,,,,,,,
,,,,,,,,,,,,,,,,,,,,,,,
,,,,,,,,,,,,,,,,,,,,,,,
,,,,,,,,,,,,,,,,,,,,,,,
,,,,,,,,,,,,,,,,,,,,,,,
,,,,,,,,,,,,,,,,,,,,,,,
,,,,,,,,,,,,,,,,,,,,,,,
,,,,,,,,,,,,,,,,,,,,,,,
,,,,,,,,,,,,,,,,,,,,,,,
,,,,,,,,,,,,,,,,,,,,,,,
,,,,,,,,,,,,,,,,,,,,,,,
,,,,,,,,,,,,,,,,,,,,,,,
,,,,,,,,,,,,,,,,,,,,,,,
,,,,,,,,,,,,,,,,,,,,,,,
,,,,,,,,,,,,,,,,,,,,,,,
,,,,,,,,,,,,,,,,,,,,,,,
,,,,,,,,,,,,,,,,,,,,,,,
,,,,,,,,,,,,,,,,,,,,,,,
,,,,,,,,,,,,,,,,,,,,,,,
,,,,,,,,,,,,,,,,,,,,,,,
,,,,,,,,,,,,,,,,,,,,,,,
,,,,,,,,,,,,,,,,,,,,,,,
,,,,,,,,,,,,,,,,,,,,,,,
,,,,,,,,,,,,,,,,,,,,,,,
,,,,,,,,,,,,,,,,,,,,,,,
,,,,,,,,,,,,,,,,,,,,,,,
,,,,,,,,,,,,,,,,,,,,,,,
,,,,,,,,,,,,,,,,,,,,,,,
,,,,,,,,,,,,,,,,,,,,,,,
,,,,,,,,,,,,,,,,,,,,,,,
,,,,,,,,,,,,,,,,,,,,,,,
,,,,,,,,,,,,,,,,,,,,,,,
,,,,,,,,,,,,,,,,,,,,,,,
,,,,,,,,,,,,,,,,,,,,,,,
,,,,,,,,,,,,,,,,,,,,,,,
,,,,,,,,,,,,,,,,,,,,,,,
,,,,,,,,,,,,,,,,,,,,,,,
,,,,,,,,,,,,,,,,,,,,,,,
,,,,,,,,,,,,,,,,,,,,,,,
,,,,,,,,,,,,,,,,,,,,,,,
,,,,,,,,,,,,,,,,,,,,,,,
,,,,,,,,,,,,,,,,,,,,,,,
,,,,,,,,,,,,,,,,,,,,,,,
,,,,,,,,,,,,,,,,,,,,,,,
,,,,,,,,,,,,,,,,,,,,,,,
,,,,,,,,,,,,,,,,,,,,,,,
,,,,,,,,,,,,,,,,,,,,,,,
,,,,,,,,,,,,,,,,,,,,,,,
,,,,,,,,,,,,,,,,,,,,,,,
,,,,,,,,,,,,,,,,,,,,,,,
,,,,,,,,,,,,,,,,,,,,,,,
,,,,,,,,,,,,,,,,,,,,,,,
,,,,,,,,,,,,,,,,,,,,,,,
,,,,,,,,,,,,,,,,,,,,,,,
,,,,,,,,,,,,,,,,,,,,,,,
,,,,,,,,,,,,,,,,,,,,,,,
,,,,,,,,,,,,,,,,,,,,,,,
,,,,,,,,,,,,,,,,,,,,,,,
,,,,,,,,,,,,,,,,,,,,,,,
,,,,,,,,,,,,,,,,,,,,,,,
,,,,,,,,,,,,,,,,,,,,,,,
,,,,,,,,,,,,,,,,,,,,,,,
,,,,,,,,,,,,,,,,,,,,,,,
,,,,,,,,,,,,,,,,,,,,,,,
,,,,,,,,,,,,,,,,,,,,,,,
,,,,,,,,,,,,,,,,,,,,,,,
,,,,,,,,,,,,,,,,,,,,,,,
,,,,,,,,,,,,,,,,,,,,,,,
,,,,,,,,,,,,,,,,,,,,,,,
,,,,,,,,,,,,,,,,,,,,,,,
,,,,,,,,,,,,,,,,,,,,,,,
,,,,,,,,,,,,,,,,,,,,,,,
,,,,,,,,,,,,,,,,,,,,,,,
,,,,,,,,,,,,,,,,,,,,,,,
,,,,,,,,,,,,,,,,,,,,,,,
,,,,,,,,,,,,,,,,,,,,,,,
,,,,,,,,,,,,,,,,,,,,,,,
,,,,,,,,,,,,,,,,,,,,,,,
,,,,,,,,,,,,,,,,,,,,,,,
,,,,,,,,,,,,,,,,,,,,,,,
,,,,,,,,,,,,,,,,,,,,,,,
,,,,,,,,,,,,,,,,,,,,,,,
,,,,,,,,,,,,,,,,,,,,,,,
,,,,,,,,,,,,,,,,,,,,,,,
,,,,,,,,,,,,,,,,,,,,,,,
,,,,,,,,,,,,,,,,,,,,,,,
,,,,,,,,,,,,,,,,,,,,,,,
,,,,,,,,,,,,,,,,,,,,,,,
,,,,,,,,,,,,,,,,,,,,,,,
,,,,,,,,,,,,,,,,,,,,,,,
,,,,,,,,,,,,,,,,,,,,,,,
,,,,,,,,,,,,,,,,,,,,,,,
,,,,,,,,,,,,,,,,,,,,,,,
,,,,,,,,,,,,,,,,,,,,,,,
,,,,,,,,,,,,,,,,,,,,,,,
,,,,,,,,,,,,,,,,,,,,,,,
,,,,,,,,,,,,,,,,,,,,,,,
,,,,,,,,,,,,,,,,,,,,,,,
,,,,,,,,,,,,,,,,,,,,,,,
,,,,,,,,,,,,,,,,,,,,,,,
,,,,,,,,,,,,,,,,,,,,,,,
,,,,,,,,,,,,,,,,,,,,,,,
,,,,,,,,,,,,,,,,,,,,,,,
,,,,,,,,,,,,,,,,,,,,,,,
,,,,,,,,,,,,,,,,,,,,,,,
,,,,,,,,,,,,,,,,,,,,,,,
,,,,,,,,,,,,,,,,,,,,,,,
,,,,,,,,,,,,,,,,,,,,,,,
,,,,,,,,,,,,,,,,,,,,,,,
,,,,,,,,,,,,,,,,,,,,,,,
,,,,,,,,,,,,,,,,,,,,,,,
,,,,,,,,,,,,,,,,,,,,,,,
,,,,,,,,,,,,,,,,,,,,,,,
,,,,,,,,,,,,,,,,,,,,,,,
,,,,,,,,,,,,,,,,,,,,,,,
,,,,,,,,,,,,,,,,,,,,,,,
,,,,,,,,,,,,,,,,,,,,,,,
,,,,,,,,,,,,,,,,,,,,,,,
,,,,,,,,,,,,,,,,,,,,,,,
,,,,,,,,,,,,,,,,,,,,,,,
,,,,,,,,,,,,,,,,,,,,,,,
,,,,,,,,,,,,,,,,,,,,,,,
,,,,,,,,,,,,,,,,,,,,,,,
,,,,,,,,,,,,,,,,,,,,,,,
,,,,,,,,,,,,,,,,,,,,,,,
,,,,,,,,,,,,,,,,,,,,,,,
,,,,,,,,,,,,,,,,,,,,,,,
,,,,,,,,,,,,,,,,,,,,,,,
,,,,,,,,,,,,,,,,,,,,,,,
,,,,,,,,,,,,,,,,,,,,,,,
,,,,,,,,,,,,,,,,,,,,,,,
,,,,,,,,,,,,,,,,,,,,,,,
,,,,,,,,,,,,,,,,,,,,,,,
,,,,,,,,,,,,,,,,,,,,,,,
,,,,,,,,,,,,,,,,,,,,,,,
,,,,,,,,,,,,,,,,,,,,,,,
,,,,,,,,,,,,,,,,,,,,,,,
,,,,,,,,,,,,,,,,,,,,,,,
,,,,,,,,,,,,,,,,,,,,,,,
,,,,,,,,,,,,,,,,,,,,,,,
,,,,,,,,,,,,,,,,,,,,,,,
,,,,,,,,,,,,,,,,,,,,,,,
,,,,,,,,,,,,,,,,,,,,,,,
,,,,,,,,,,,,,,,,,,,,,,,
,,,,,,,,,,,,,,,,,,,,,,,
,,,,,,,,,,,,,,,,,,,,,,,
,,,,,,,,,,,,,,,,,,,,,,,
,,,,,,,,,,,,,,,,,,,,,,,
,,,,,,,,,,,,,,,,,,,,,,,
,,,,,,,,,,,,,,,,,,,,,,,
,,,,,,,,,,,,,,,,,,,,,,,
,,,,,,,,,,,,,,,,,,,,,,,
,,,,,,,,,,,,,,,,,,,,,,,
,,,,,,,,,,,,,,,,,,,,,,,
,,,,,,,,,,,,,,,,,,,,,,,
,,,,,,,,,,,,,,,,,,,,,,,
,,,,,,,,,,,,,,,,,,,,,,,
,,,,,,,,,,,,,,,,,,,,,,,
,,,,,,,,,,,,,,,,,,,,,,,
,,,,,,,,,,,,,,,,,,,,,,,
,,,,,,,,,,,,,,,,,,,,,,,
,,,,,,,,,,,,,,,,,,,,,,,
,,,,,,,,,,,,,,,,,,,,,,,
,,,,,,,,,,,,,,,,,,,,,,,
,,,,,,,,,,,,,,,,,,,,,,,
,,,,,,,,,,,,,,,,,,,,,,,
,,,,,,,,,,,,,,,,,,,,,,,
,,,,,,,,,,,,,,,,,,,,,,,
,,,,,,,,,,,,,,,,,,,,,,,
,,,,,,,,,,,,,,,,,,,,,,,
,,,,,,,,,,,,,,,,,,,,,,,
,,,,,,,,,,,,,,,,,,,,,,,
,,,,,,,,,,,,,,,,,,,,,,,
,,,,,,,,,,,,,,,,,,,,,,,
,,,,,,,,,,,,,,,,,,,,,,,
,,,,,,,,,,,,,,,,,,,,,,,
,,,,,,,,,,,,,,,,,,,,,,,
,,,,,,,,,,,,,,,,,,,,,,,
,,,,,,,,,,,,,,,,,,,,,,,
,,,,,,,,,,,,,,,,,,,,,,,
,,,,,,,,,,,,,,,,,,,,,,,
,,,,,,,,,,,,,,,,,,,,,,,
,,,,,,,,,,,,,,,,,,,,,,,
,,,,,,,,,,,,,,,,,,,,,,,
,,,,,,,,,,,,,,,,,,,,,,,
,,,,,,,,,,,,,,,,,,,,,,,
,,,,,,,,,,,,,,,,,,,,,,,
,,,,,,,,,,,,,,,,,,,,,,,
,,,,,,,,,,,,,,,,,,,,,,,
,,,,,,,,,,,,,,,,,,,,,,,
,,,,,,,,,,,,,,,,,,,,,,,
,,,,,,,,,,,,,,,,,,,,,,,
,,,,,,,,,,,,,,,,,,,,,,,
,,,,,,,,,,,,,,,,,,,,,,,
,,,,,,,,,,,,,,,,,,,,,,,
,,,,,,,,,,,,,,,,,,,,,,,
,,,,,,,,,,,,,,,,,,,,,,,
,,,,,,,,,,,,,,,,,,,,,,,
,,,,,,,,,,,,,,,,,,,,,,,
,,,,,,,,,,,,,,,,,,,,,,,
,,,,,,,,,,,,,,,,,,,,,,,
,,,,,,,,,,,,,,,,,,,,,,,
,,,,,,,,,,,,,,,,,,,,,,,
,,,,,,,,,,,,,,,,,,,,,,,
,,,,,,,,,,,,,,,,,,,,,,,
,,,,,,,,,,,,,,,,,,,,,,,
,,,,,,,,,,,,,,,,,,,,,,,
,,,,,,,,,,,,,,,,,,,,,,,
,,,,,,,,,,,,,,,,,,,,,,,
,,,,,,,,,,,,,,,,,,,,,,,
,,,,,,,,,,,,,,,,,,,,,,,
,,,,,,,,,,,,,,,,,,,,,,,
,,,,,,,,,,,,,,,,,,,,,,,
,,,,,,,,,,,,,,,,,,,,,,,
,,,,,,,,,,,,,,,,,,,,,,,
,,,,,,,,,,,,,,,,,,,,,,,
,,,,,,,,,,,,,,,,,,,,,,,
,,,,,,,,,,,,,,,,,,,,,,,
,,,,,,,,,,,,,,,,,,,,,,,
,,,,,,,,,,,,,,,,,,,,,,,
,,,,,,,,,,,,,,,,,,,,,,,
,,,,,,,,,,,,,,,,,,,,,,,
,,,,,,,,,,,,,,,,,,,,,,,
,,,,,,,,,,,,,,,,,,,,,,,
,,,,,,,,,,,,,,,,,,,,,,,
,,,,,,,,,,,,,,,,,,,,,,,
,,,,,,,,,,,,,,,,,,,,,,,
,,,,,,,,,,,,,,,,,,,,,,,
,,,,,,,,,,,,,,,,,,,,,,,
,,,,,,,,,,,,,,,,,,,,,,,
,,,,,,,,,,,,,,,,,,,,,,,
,,,,,,,,,,,,,,,,,,,,,,,
,,,,,,,,,,,,,,,,,,,,,,,
,,,,,,,,,,,,,,,,,,,,,,,
,,,,,,,,,,,,,,,,,,,,,,,
,,,,,,,,,,,,,,,,,,,,,,,
,,,,,,,,,,,,,,,,,,,,,,,
,,,,,,,,,,,,,,,,,,,,,,,
,,,,,,,,,,,,,,,,,,,,,,,
,,,,,,,,,,,,,,,,,,,,,,,
,,,,,,,,,,,,,,,,,,,,,,,
,,,,,,,,,,,,,,,,,,,,,,,
,,,,,,,,,,,,,,,,,,,,,,,
,,,,,,,,,,,,,,,,,,,,,,,
,,,,,,,,,,,,,,,,,,,,,,,
,,,,,,,,,,,,,,,,,,,,,,,
,,,,,,,,,,,,,,,,,,,,,,,
,,,,,,,,,,,,,,,,,,,,,,,
,,,,,,,,,,,,,,,,,,,,,,,
,,,,,,,,,,,,,,,,,,,,,,,
,,,,,,,,,,,,,,,,,,,,,,,
,,,,,,,,,,,,,,,,,,,,,,,
,,,,,,,,,,,,,,,,,,,,,,,
,,,,,,,,,,,,,,,,,,,,,,,
,,,,,,,,,,,,,,,,,,,,,,,
,,,,,,,,,,,,,,,,,,,,,,,
,,,,,,,,,,,,,,,,,,,,,,,
,,,,,,,,,,,,,,,,,,,,,,,
,,,,,,,,,,,,,,,,,,,,,,,
,,,,,,,,,,,,,,,,,,,,,,,
,,,,,,,,,,,,,,,,,,,,,,,
,,,,,,,,,,,,,,,,,,,,,,,
,,,,,,,,,,,,,,,,,,,,,,,
,,,,,,,,,,,,,,,,,,,,,,,
,,,,,,,,,,,,,,,,,,,,,,,
,,,,,,,,,,,,,,,,,,,,,,,
,,,,,,,,,,,,,,,,,,,,,,,
,,,,,,,,,,,,,,,,,,,,,,,
,,,,,,,,,,,,,,,,,,,,,,,
,,,,,,,,,,,,,,,,,,,,,,,
,,,,,,,,,,,,,,,,,,,,,,,
,,,,,,,,,,,,,,,,,,,,,,,
,,,,,,,,,,,,,,,,,,,,,,,
,,,,,,,,,,,,,,,,,,,,,,,
,,,,,,,,,,,,,,,,,,,,,,,
,,,,,,,,,,,,,,,,,,,,,,,
,,,,,,,,,,,,,,,,,,,,,,,
,,,,,,,,,,,,,,,,,,,,,,,
,,,,,,,,,,,,,,,,,,,,,,,
,,,,,,,,,,,,,,,,,,,,,,,
,,,,,,,,,,,,,,,,,,,,,,,
,,,,,,,,,,,,,,,,,,,,,,,
,,,,,,,,,,,,,,,,,,,,,,,
,,,,,,,,,,,,,,,,,,,,,,,
,,,,,,,,,,,,,,,,,,,,,,,
,,,,,,,,,,,,,,,,,,,,,,,
,,,,,,,,,,,,,,,,,,,,,,,
,,,,,,,,,,,,,,,,,,,,,,,
,,,,,,,,,,,,,,,,,,,,,,,
,,,,,,,,,,,,,,,,,,,,,,,
,,,,,,,,,,,,,,,,,,,,,,,
,,,,,,,,,,,,,,,,,,,,,,,
,,,,,,,,,,,,,,,,,,,,,,,
,,,,,,,,,,,,,,,,,,,,,,,
,,,,,,,,,,,,,,,,,,,,,,,
,,,,,,,,,,,,,,,,,,,,,,,
,,,,,,,,,,,,,,,,,,,,,,,
,,,,,,,,,,,,,,,,,,,,,,,
,,,,,,,,,,,,,,,,,,,,,,,
,,,,,,,,,,,,,,,,,,,,,,,
,,,,,,,,,,,,,,,,,,,,,,,
,,,,,,,,,,,,,,,,,,,,,,,
,,,,,,,,,,,,,,,,,,,,,,,
,,,,,,,,,,,,,,,,,,,,,,,
,,,,,,,,,,,,,,,,,,,,,,,
,,,,,,,,,,,,,,,,,,,,,,,
,,,,,,,,,,,,,,,,,,,,,,,
,,,,,,,,,,,,,,,,,,,,,,,
,,,,,,,,,,,,,,,,,,,,,,,
,,,,,,,,,,,,,,,,,,,,,,,
,,,,,,,,,,,,,,,,,,,,,,,
,,,,,,,,,,,,,,,,,,,,,,,
,,,,,,,,,,,,,,,,,,,,,,,
,,,,,,,,,,,,,,,,,,,,,,,
,,,,,,,,,,,,,,,,,,,,,,,
,,,,,,,,,,,,,,,,,,,,,,,
,,,,,,,,,,,,,,,,,,,,,,,
,,,,,,,,,,,,,,,,,,,,,,,
,,,,,,,,,,,,,,,,,,,,,,,
,,,,,,,,,,,,,,,,,,,,,,,
,,,,,,,,,,,,,,,,,,,,,,,
,,,,,,,,,,,,,,,,,,,,,,,
,,,,,,,,,,,,,,,,,,,,,,,
,,,,,,,,,,,,,,,,,,,,,,,
,,,,,,,,,,,,,,,,,,,,,,,
,,,,,,,,,,,,,,,,,,,,,,,
,,,,,,,,,,,,,,,,,,,,,,,
,,,,,,,,,,,,,,,,,,,,,,,
,,,,,,,,,,,,,,,,,,,,,,,
,,,,,,,,,,,,,,,,,,,,,,,
,,,,,,,,,,,,,,,,,,,,,,,
,,,,,,,,,,,,,,,,,,,,,,,
,,,,,,,,,,,,,,,,,,,,,,,
,,,,,,,,,,,,,,,,,,,,,,,
,,,,,,,,,,,,,,,,,,,,,,,
,,,,,,,,,,,,,,,,,,,,,,,
,,,,,,,,,,,,,,,,,,,,,,,
,,,,,,,,,,,,,,,,,,,,,,,
,,,,,,,,,,,,,,,,,,,,,,,
,,,,,,,,,,,,,,,,,,,,,,,
,,,,,,,,,,,,,,,,,,,,,,,
,,,,,,,,,,,,,,,,,,,,,,,
,,,,,,,,,,,,,,,,,,,,,,,
,,,,,,,,,,,,,,,,,,,,,,,
,,,,,,,,,,,,,,,,,,,,,,,
,,,,,,,,,,,,,,,,,,,,,,,
,,,,,,,,,,,,,,,,,,,,,,,
,,,,,,,,,,,,,,,,,,,,,,,
,,,,,,,,,,,,,,,,,,,,,,,
,,,,,,,,,,,,,,,,,,,,,,,
,,,,,,,,,,,,,,,,,,,,,,,
,,,,,,,,,,,,,,,,,,,,,,,
,,,,,,,,,,,,,,,,,,,,,,,
,,,,,,,,,,,,,,,,,,,,,,,
,,,,,,,,,,,,,,,,,,,,,,,
,,,,,,,,,,,,,,,,,,,,,,,
,,,,,,,,,,,,,,,,,,,,,,,
,,,,,,,,,,,,,,,,,,,,,,,
,,,,,,,,,,,,,,,,,,,,,,,
,,,,,,,,,,,,,,,,,,,,,,,
,,,,,,,,,,,,,,,,,,,,,,,
,,,,,,,,,,,,,,,,,,,,,,,
,,,,,,,,,,,,,,,,,,,,,,,
,,,,,,,,,,,,,,,,,,,,,,,
,,,,,,,,,,,,,,,,,,,,,,,
,,,,,,,,,,,,,,,,,,,,,,,
,,,,,,,,,,,,,,,,,,,,,,,
,,,,,,,,,,,,,,,,,,,,,,,
,,,,,,,,,,,,,,,,,,,,,,,
,,,,,,,,,,,,,,,,,,,,,,,
,,,,,,,,,,,,,,,,,,,,,,,
,,,,,,,,,,,,,,,,,,,,,,,
,,,,,,,,,,,,,,,,,,,,,,,
,,,,,,,,,,,,,,,,,,,,,,,
,,,,,,,,,,,,,,,,,,,,,,,
,,,,,,,,,,,,,,,,,,,,,,,
,,,,,,,,,,,,,,,,,,,,,,,
,,,,,,,,,,,,,,,,,,,,,,,
,,,,,,,,,,,,,,,,,,,,,,,
,,,,,,,,,,,,,,,,,,,,,,,
,,,,,,,,,,,,,,,,,,,,,,,
,,,,,,,,,,,,,,,,,,,,,,,
,,,,,,,,,,,,,,,,,,,,,,,
,,,,,,,,,,,,,,,,,,,,,,,
,,,,,,,,,,,,,,,,,,,,,,,
,,,,,,,,,,,,,,,,,,,,,,,
,,,,,,,,,,,,,,,,,,,,,,,
,,,,,,,,,,,,,,,,,,,,,,,
,,,,,,,,,,,,,,,,,,,,,,,
,,,,,,,,,,,,,,,,,,,,,,,
,,,,,,,,,,,,,,,,,,,,,,,
,,,,,,,,,,,,,,,,,,,,,,,
,,,,,,,,,,,,,,,,,,,,,,,
,,,,,,,,,,,,,,,,,,,,,,,
,,,,,,,,,,,,,,,,,,,,,,,
,,,,,,,,,,,,,,,,,,,,,,,
,,,,,,,,,,,,,,,,,,,,,,,
,,,,,,,,,,,,,,,,,,,,,,,
,,,,,,,,,,,,,,,,,,,,,,,
,,,,,,,,,,,,,,,,,,,,,,,
,,,,,,,,,,,,,,,,,,,,,,,
,,,,,,,,,,,,,,,,,,,,,,,
,,,,,,,,,,,,,,,,,,,,,,,
,,,,,,,,,,,,,,,,,,,,,,,
,,,,,,,,,,,,,,,,,,,,,,,
,,,,,,,,,,,,,,,,,,,,,,,
,,,,,,,,,,,,,,,,,,,,,,,
,,,,,,,,,,,,,,,,,,,,,,,
,,,,,,,,,,,,,,,,,,,,,,,
,,,,,,,,,,,,,,,,,,,,,,,
,,,,,,,,,,,,,,,,,,,,,,,
,,,,,,,,,,,,,,,,,,,,,,,
,,,,,,,,,,,,,,,,,,,,,,,
,,,,,,,,,,,,,,,,,,,,,,,
,,,,,,,,,,,,,,,,,,,,,,,
,,,,,,,,,,,,,,,,,,,,,,,
,,,,,,,,,,,,,,,,,,,,,,,
,,,,,,,,,,,,,,,,,,,,,,,
,,,,,,,,,,,,,,,,,,,,,,,
,,,,,,,,,,,,,,,,,,,,,,,
,,,,,,,,,,,,,,,,,,,,,,,
,,,,,,,,,,,,,,,,,,,,,,,
,,,,,,,,,,,,,,,,,,,,,,,
,,,,,,,,,,,,,,,,,,,,,,,
,,,,,,,,,,,,,,,,,,,,,,,
,,,,,,,,,,,,,,,,,,,,,,,
,,,,,,,,,,,,,,,,,,,,,,,
,,,,,,,,,,,,,,,,,,,,,,,
,,,,,,,,,,,,,,,,,,,,,,,
,,,,,,,,,,,,,,,,,,,,,,,
,,,,,,,,,,,,,,,,,,,,,,,
,,,,,,,,,,,,,,,,,,,,,,,
,,,,,,,,,,,,,,,,,,,,,,,
,,,,,,,,,,,,,,,,,,,,,,,
,,,,,,,,,,,,,,,,,,,,,,,
,,,,,,,,,,,,,,,,,,,,,,,
,,,,,,,,,,,,,,,,,,,,,,,
,,,,,,,,,,,,,,,,,,,,,,,
,,,,,,,,,,,,,,,,,,,,,,,
,,,,,,,,,,,,,,,,,,,,,,,
,,,,,,,,,,,,,,,,,,,,,,,
,,,,,,,,,,,,,,,,,,,,,,,
,,,,,,,,,,,,,,,,,,,,,,,
,,,,,,,,,,,,,,,,,,,,,,,
,,,,,,,,,,,,,,,,,,,,,,,
,,,,,,,,,,,,,,,,,,,,,,,
,,,,,,,,,,,,,,,,,,,,,,,
,,,,,,,,,,,,,,,,,,,,,,,
,,,,,,,,,,,,,,,,,,,,,,,
,,,,,,,,,,,,,,,,,,,,,,,
,,,,,,,,,,,,,,,,,,,,,,,
,,,,,,,,,,,,,,,,,,,,,,,
,,,,,,,,,,,,,,,,,,,,,,,
,,,,,,,,,,,,,,,,,,,,,,,
,,,,,,,,,,,,,,,,,,,,,,,
,,,,,,,,,,,,,,,,,,,,,,,
,,,,,,,,,,,,,,,,,,,,,,,
,,,,,,,,,,,,,,,,,,,,,,,
,,,,,,,,,,,,,,,,,,,,,,,
,,,,,,,,,,,,,,,,,,,,,,,
,,,,,,,,,,,,,,,,,,,,,,,
,,,,,,,,,,,,,,,,,,,,,,,
,,,,,,,,,,,,,,,,,,,,,,,
,,,,,,,,,,,,,,,,,,,,,,,
,,,,,,,,,,,,,,,,,,,,,,,
,,,,,,,,,,,,,,,,,,,,,,,
,,,,,,,,,,,,,,,,,,,,,,,
,,,,,,,,,,,,,,,,,,,,,,,
,,,,,,,,,,,,,,,,,,,,,,,
,,,,,,,,,,,,,,,,,,,,,,,
,,,,,,,,,,,,,,,,,,,,,,,
,,,,,,,,,,,,,,,,,,,,,,,
,,,,,,,,,,,,,,,,,,,,,,,
,,,,,,,,,,,,,,,,,,,,,,,
,,,,,,,,,,,,,,,,,,,,,,,
,,,,,,,,,,,,,,,,,,,,,,,
,,,,,,,,,,,,,,,,,,,,,,,
,,,,,,,,,,,,,,,,,,,,,,,
,,,,,,,,,,,,,,,,,,,,,,,
,,,,,,,,,,,,,,,,,,,,,,,
,,,,,,,,,,,,,,,,,,,,,,,
,,,,,,,,,,,,,,,,,,,,,,,
,,,,,,,,,,,,,,,,,,,,,,,
,,,,,,,,,,,,,,,,,,,,,,,
,,,,,,,,,,,,,,,,,,,,,,,
,,,,,,,,,,,,,,,,,,,,,,,
,,,,,,,,,,,,,,,,,,,,,,,
,,,,,,,,,,,,,,,,,,,,,,,
,,,,,,,,,,,,,,,,,,,,,,,
,,,,,,,,,,,,,,,,,,,,,,,
,,,,,,,,,,,,,,,,,,,,,,,
,,,,,,,,,,,,,,,,,,,,,,,
,,,,,,,,,,,,,,,,,,,,,,,
,,,,,,,,,,,,,,,,,,,,,,,
,,,,,,,,,,,,,,,,,,,,,,,
,,,,,,,,,,,,,,,,,,,,,,,
,,,,,,,,,,,,,,,,,,,,,,,
,,,,,,,,,,,,,,,,,,,,,,,
,,,,,,,,,,,,,,,,,,,,,,,
,,,,,,,,,,,,,,,,,,,,,,,
,,,,,,,,,,,,,,,,,,,,,,,
,,,,,,,,,,,,,,,,,,,,,,,
,,,,,,,,,,,,,,,,,,,,,,,
,,,,,,,,,,,,,,,,,,,,,,,
,,,,,,,,,,,,,,,,,,,,,,,
,,,,,,,,,,,,,,,,,,,,,,,
,,,,,,,,,,,,,,,,,,,,,,,
,,,,,,,,,,,,,,,,,,,,,,,
,,,,,,,,,,,,,,,,,,,,,,,
,,,,,,,,,,,,,,,,,,,,,,,
,,,,,,,,,,,,,,,,,,,,,,,
,,,,,,,,,,,,,,,,,,,,,,,
,,,,,,,,,,,,,,,,,,,,,,,
,,,,,,,,,,,,,,,,,,,,,,,
,,,,,,,,,,,,,,,,,,,,,,,
,,,,,,,,,,,,,,,,,,,,,,,
,,,,,,,,,,,,,,,,,,,,,,,
,,,,,,,,,,,,,,,,,,,,,,,
,,,,,,,,,,,,,,,,,,,,,,,
,,,,,,,,,,,,,,,,,,,,,,,
,,,,,,,,,,,,,,,,,,,,,,,
,,,,,,,,,,,,,,,,,,,,,,,
,,,,,,,,,,,,,,,,,,,,,,,
,,,,,,,,,,,,,,,,,,,,,,,
,,,,,,,,,,,,,,,,,,,,,,,
,,,,,,,,,,,,,,,,,,,,,,,
,,,,,,,,,,,,,,,,,,,,,,,
,,,,,,,,,,,,,,,,,,,,,,,
,,,,,,,,,,,,,,,,,,,,,,,
,,,,,,,,,,,,,,,,,,,,,,,
,,,,,,,,,,,,,,,,,,,,,,,
,,,,,,,,,,,,,,,,,,,,,,,
,,,,,,,,,,,,,,,,,,,,,,,
,,,,,,,,,,,,,,,,,,,,,,,
,,,,,,,,,,,,,,,,,,,,,,,
,,,,,,,,,,,,,,,,,,,,,,,
,,,,,,,,,,,,,,,,,,,,,,,
,,,,,,,,,,,,,,,,,,,,,,,
,,,,,,,,,,,,,,,,,,,,,,,
,,,,,,,,,,,,,,,,,,,,,,,
,,,,,,,,,,,,,,,,,,,,,,,
,,,,,,,,,,,,,,,,,,,,,,,
,,,,,,,,,,,,,,,,,,,,,,,
,,,,,,,,,,,,,,,,,,,,,,,
,,,,,,,,,,,,,,,,,,,,,,,
,,,,,,,,,,,,,,,,,,,,,,,
,,,,,,,,,,,,,,,,,,,,,,,
,,,,,,,,,,,,,,,,,,,,,,,
,,,,,,,,,,,,,,,,,,,,,,,
,,,,,,,,,,,,,,,,,,,,,,,
,,,,,,,,,,,,,,,,,,,,,,,
,,,,,,,,,,,,,,,,,,,,,,,
,,,,,,,,,,,,,,,,,,,,,,,
,,,,,,,,,,,,,,,,,,,,,,,
,,,,,,,,,,,,,,,,,,,,,,,
,,,,,,,,,,,,,,,,,,,,,,,
,,,,,,,,,,,,,,,,,,,,,,,
,,,,,,,,,,,,,,,,,,,,,,,
,,,,,,,,,,,,,,,,,,,,,,,
,,,,,,,,,,,,,,,,,,,,,,,
,,,,,,,,,,,,,,,,,,,,,,,
,,,,,,,,,,,,,,,,,,,,,,,
,,,,,,,,,,,,,,,,,,,,,,,
,,,,,,,,,,,,,,,,,,,,,,,
,,,,,,,,,,,,,,,,,,,,,,,
,,,,,,,,,,,,,,,,,,,,,,,
,,,,,,,,,,,,,,,,,,,,,,,
,,,,,,,,,,,,,,,,,,,,,,,
,,,,,,,,,,,,,,,,,,,,,,,
,,,,,,,,,,,,,,,,,,,,,,,
,,,,,,,,,,,,,,,,,,,,,,,
,,,,,,,,,,,,,,,,,,,,,,,
,,,,,,,,,,,,,,,,,,,,,,,
,,,,,,,,,,,,,,,,,,,,,,,
,,,,,,,,,,,,,,,,,,,,,,,
,,,,,,,,,,,,,,,,,,,,,,,
,,,,,,,,,,,,,,,,,,,,,,,
,,,,,,,,,,,,,,,,,,,,,,,
,,,,,,,,,,,,,,,,,,,,,,,
,,,,,,,,,,,,,,,,,,,,,,,
,,,,,,,,,,,,,,,,,,,,,,,
,,,,,,,,,,,,,,,,,,,,,,,
,,,,,,,,,,,,,,,,,,,,,,,
,,,,,,,,,,,,,,,,,,,,,,,
,,,,,,,,,,,,,,,,,,,,,,,
,,,,,,,,,,,,,,,,,,,,,,,
,,,,,,,,,,,,,,,,,,,,,,,
,,,,,,,,,,,,,,,,,,,,,,,
,,,,,,,,,,,,,,,,,,,,,,,
,,,,,,,,,,,,,,,,,,,,,,,
,,,,,,,,,,,,,,,,,,,,,,,
,,,,,,,,,,,,,,,,,,,,,,,
,,,,,,,,,,,,,,,,,,,,,,,
,,,,,,,,,,,,,,,,,,,,,,,
,,,,,,,,,,,,,,,,,,,,,,,
,,,,,,,,,,,,,,,,,,,,,,,
,,,,,,,,,,,,,,,,,,,,,,,
,,,,,,,,,,,,,,,,,,,,,,,
,,,,,,,,,,,,,,,,,,,,,,,
,,,,,,,,,,,,,,,,,,,,,,,
,,,,,,,,,,,,,,,,,,,,,,,
,,,,,,,,,,,,,,,,,,,,,,,
,,,,,,,,,,,,,,,,,,,,,,,
,,,,,,,,,,,,,,,,,,,,,,,
,,,,,,,,,,,,,,,,,,,,,,,
,,,,,,,,,,,,,,,,,,,,,,,
,,,,,,,,,,,,,,,,,,,,,,,
,,,,,,,,,,,,,,,,,,,,,,,
,,,,,,,,,,,,,,,,,,,,,,,
,,,,,,,,,,,,,,,,,,,,,,,
,,,,,,,,,,,,,,,,,,,,,,,
,,,,,,,,,,,,,,,,,,,,,,,
,,,,,,,,,,,,,,,,,,,,,,,
,,,,,,,,,,,,,,,,,,,,,,,
,,,,,,,,,,,,,,,,,,,,,,,
,,,,,,,,,,,,,,,,,,,,,,,
,,,,,,,,,,,,,,,,,,,,,,,
,,,,,,,,,,,,,,,,,,,,,,,
,,,,,,,,,,,,,,,,,,,,,,,
,,,,,,,,,,,,,,,,,,,,,,,
,,,,,,,,,,,,,,,,,,,,,,,
,,,,,,,,,,,,,,,,,,,,,,,
,,,,,,,,,,,,,,,,,,,,,,,
,,,,,,,,,,,,,,,,,,,,,,,
,,,,,,,,,,,,,,,,,,,,,,,
,,,,,,,,,,,,,,,,,,,,,,,
,,,,,,,,,,,,,,,,,,,,,,,
,,,,,,,,,,,,,,,,,,,,,,,
,,,,,,,,,,,,,,,,,,,,,,,
,,,,,,,,,,,,,,,,,,,,,,,
,,,,,,,,,,,,,,,,,,,,,,,
,,,,,,,,,,,,,,,,,,,,,,,
,,,,,,,,,,,,,,,,,,,,,,,
,,,,,,,,,,,,,,,,,,,,,,,
,,,,,,,,,,,,,,,,,,,,,,,
,,,,,,,,,,,,,,,,,,,,,,,
,,,,,,,,,,,,,,,,,,,,,,,
,,,,,,,,,,,,,,,,,,,,,,,
,,,,,,,,,,,,,,,,,,,,,,,
,,,,,,,,,,,,,,,,,,,,,,,
,,,,,,,,,,,,,,,,,,,,,,,
,,,,,,,,,,,,,,,,,,,,,,,
,,,,,,,,,,,,,,,,,,,,,,,
,,,,,,,,,,,,,,,,,,,,,,,
,,,,,,,,,,,,,,,,,,,,,,,
,,,,,,,,,,,,,,,,,,,,,,,
,,,,,,,,,,,,,,,,,,,,,,,
,,,,,,,,,,,,,,,,,,,,,,,
,,,,,,,,,,,,,,,,,,,,,,,
,,,,,,,,,,,,,,,,,,,,,,,
,,,,,,,,,,,,,,,,,,,,,,,
,,,,,,,,,,,,,,,,,,,,,,,
,,,,,,,,,,,,,,,,,,,,,,,
,,,,,,,,,,,,,,,,,,,,,,,
,,,,,,,,,,,,,,,,,,,,,,,
,,,,,,,,,,,,,,,,,,,,,,,
,,,,,,,,,,,,,,,,,,,,,,,
,,,,,,,,,,,,,,,,,,,,,,,
,,,,,,,,,,,,,,,,,,,,,,,
,,,,,,,,,,,,,,,,,,,,,,,
,,,,,,,,,,,,,,,,,,,,,,,
,,,,,,,,,,,,,,,,,,,,,,,
,,,,,,,,,,,,,,,,,,,,,,,
,,,,,,,,,,,,,,,,,,,,,,,
,,,,,,,,,,,,,,,,,,,,,,,
,,,,,,,,,,,,,,,,,,,,,,,
,,,,,,,,,,,,,,,,,,,,,,,
,,,,,,,,,,,,,,,,,,,,,,,
,,,,,,,,,,,,,,,,,,,,,,,
,,,,,,,,,,,,,,,,,,,,,,,
,,,,,,,,,,,,,,,,,,,,,,,
,,,,,,,,,,,,,,,,,,,,,,,
,,,,,,,,,,,,,,,,,,,,,,,
,,,,,,,,,,,,,,,,,,,,,,,
,,,,,,,,,,,,,,,,,,,,,,,
,,,,,,,,,,,,,,,,,,,,,,,
,,,,,,,,,,,,,,,,,,,,,,,
,,,,,,,,,,,,,,,,,,,,,,,
,,,,,,,,,,,,,,,,,,,,,,,
,,,,,,,,,,,,,,,,,,,,,,,
,,,,,,,,,,,,,,,,,,,,,,,
,,,,,,,,,,,,,,,,,,,,,,,
,,,,,,,,,,,,,,,,,,,,,,,
,,,,,,,,,,,,,,,,,,,,,,,
,,,,,,,,,,,,,,,,,,,,,,,
,,,,,,,,,,,,,,,,,,,,,,,
,,,,,,,,,,,,,,,,,,,,,,,
,,,,,,,,,,,,,,,,,,,,,,,
,,,,,,,,,,,,,,,,,,,,,,,
,,,,,,,,,,,,,,,,,,,,,,,
,,,,,,,,,,,,,,,,,,,,,,,
,,,,,,,,,,,,,,,,,,,,,,,
,,,,,,,,,,,,,,,,,,,,,,,
,,,,,,,,,,,,,,,,,,,,,,,
,,,,,,,,,,,,,,,,,,,,,,,
,,,,,,,,,,,,,,,,,,,,,,,
,,,,,,,,,,,,,,,,,,,,,,,
,,,,,,,,,,,,,,,,,,,,,,,
,,,,,,,,,,,,,,,,,,,,,,,
,,,,,,,,,,,,,,,,,,,,,,,
,,,,,,,,,,,,,,,,,,,,,,,
,,,,,,,,,,,,,,,,,,,,,,,
,,,,,,,,,,,,,,,,,,,,,,,
,,,,,,,,,,,,,,,,,,,,,,,
,,,,,,,,,,,,,,,,,,,,,,,
,,,,,,,,,,,,,,,,,,,,,,,
,,,,,,,,,,,,,,,,,,,,,,,
,,,,,,,,,,,,,,,,,,,,,,,
,,,,,,,,,,,,,,,,,,,,,,,
,,,,,,,,,,,,,,,,,,,,,,,
,,,,,,,,,,,,,,,,,,,,,,,
,,,,,,,,,,,,,,,,,,,,,,,
,,,,,,,,,,,,,,,,,,,,,,,
,,,,,,,,,,,,,,,,,,,,,,,
,,,,,,,,,,,,,,,,,,,,,,,
,,,,,,,,,,,,,,,,,,,,,,,
,,,,,,,,,,,,,,,,,,,,,,,
,,,,,,,,,,,,,,,,,,,,,,,
,,,,,,,,,,,,,,,,,,,,,,,
,,,,,,,,,,,,,,,,,,,,,,,
,,,,,,,,,,,,,,,,,,,,,,,
,,,,,,,,,,,,,,,,,,,,,,,
,,,,,,,,,,,,,,,,,,,,,,,
,,,,,,,,,,,,,,,,,,,,,,,
,,,,,,,,,,,,,,,,,,,,,,,
,,,,,,,,,,,,,,,,,,,,,,,
,,,,,,,,,,,,,,,,,,,,,,,
,,,,,,,,,,,,,,,,,,,,,,,
,,,,,,,,,,,,,,,,,,,,,,,
,,,,,,,,,,,,,,,,,,,,,,,
,,,,,,,,,,,,,,,,,,,,,,,
,,,,,,,,,,,,,,,,,,,,,,,
,,,,,,,,,,,,,,,,,,,,,,,
,,,,,,,,,,,,,,,,,,,,,,,
,,,,,,,,,,,,,,,,,,,,,,,
,,,,,,,,,,,,,,,,,,,,,,,
,,,,,,,,,,,,,,,,,,,,,,,
,,,,,,,,,,,,,,,,,,,,,,,
,,,,,,,,,,,,,,,,,,,,,,,
,,,,,,,,,,,,,,,,,,,,,,,
,,,,,,,,,,,,,,,,,,,,,,,
,,,,,,,,,,,,,,,,,,,,,,,
,,,,,,,,,,,,,,,,,,,,,,,
,,,,,,,,,,,,,,,,,,,,,,,
,,,,,,,,,,,,,,,,,,,,,,,
,,,,,,,,,,,,,,,,,,,,,,,
,,,,,,,,,,,,,,,,,,,,,,,
